HS6,Country,AdValorem
010121,Uae,0.0
010129,Uae,27.0
010130,Uae,27.0
010190,Uae,27.0
010221,Uae,0.0
010229,Uae,0.0
010231,Uae,0.0
010239,Uae,0.0
010290,Uae,0.0
010310,Uae,0.0
010391,Uae,0.0
010392,Uae,0.0
010410,Uae,0.0
010420,Uae,0.0
010511,Uae,27.0
010512,Uae,27.0
010513,Uae,27.0
010514,Uae,27.0
010515,Uae,27.0
010594,Uae,27.0
010599,Uae,27.0
010611,Uae,0.0
010612,Uae,27.0
010613,Uae,27.0
010614,Uae,24.0
010619,Uae,24.0
010620,Uae,24.0
010631,Uae,27.0
010632,Uae,0.0
010633,Uae,0.0
010639,Uae,0.0
010641,Uae,27.0
010649,Uae,0.0
010690,Uae,0.0
020110,Uae,27.0
020120,Uae,27.0
020130,Uae,27.0
020210,Uae,27.0
020220,Uae,27.0
020230,Uae,27.0
020311,Uae,0.0
020312,Uae,0.0
020319,Uae,0.0
020321,Uae,0.0
020322,Uae,0.0
020329,Uae,0.0
020410,Uae,27.0
020421,Uae,27.0
020422,Uae,27.0
020423,Uae,27.0
020430,Uae,27.0
020441,Uae,27.0
020442,Uae,27.0
020443,Uae,27.0
020450,Uae,27.0
020500,Uae,0.0
020610,Uae,24.0
020621,Uae,24.0
020622,Uae,24.0
020629,Uae,0.0
020630,Uae,0.0
020641,Uae,0.0
020649,Uae,0.0
020724,Uae,24.0
020725,Uae,24.0
020726,Uae,24.0
020727,Uae,24.0
020741,Uae,24.0
020742,Uae,24.0
020743,Uae,24.0
020744,Uae,24.0
020745,Uae,24.0
020751,Uae,24.0
020752,Uae,24.0
020753,Uae,27.0
020754,Uae,24.0
020755,Uae,24.0
020760,Uae,24.0
020810,Uae,24.0
020830,Uae,24.0
020840,Uae,24.0
020850,Uae,24.0
020860,Uae,24.0
020890,Uae,24.0
020910,Uae,0.0
020990,Uae,24.0
021011,Uae,0.0
021012,Uae,0.0
021019,Uae,24.0
021020,Uae,24.0
021091,Uae,24.0
021092,Uae,24.0
021093,Uae,24.0
021099,Uae,24.0
030111,Uae,0.0
030119,Uae,0.0
030191,Uae,0.0
030192,Uae,0.0
030193,Uae,0.0
030194,Uae,0.0
030195,Uae,0.0
030199,Uae,0.0
030211,Uae,0.0
030213,Uae,0.0
030214,Uae,0.0
030219,Uae,0.0
030221,Uae,0.0
030222,Uae,0.0
030223,Uae,0.0
030224,Uae,0.0
030229,Uae,0.0
030231,Uae,0.0
030232,Uae,0.0
030233,Uae,0.0
030234,Uae,0.0
030235,Uae,0.0
030236,Uae,0.0
030239,Uae,0.0
030241,Uae,0.0
030242,Uae,0.0
030243,Uae,0.0
030244,Uae,0.0
030245,Uae,0.0
030246,Uae,0.0
030247,Uae,0.0
030249,Uae,0.0
030251,Uae,0.0
030252,Uae,0.0
030253,Uae,0.0
030254,Uae,0.0
030255,Uae,0.0
030256,Uae,0.0
030259,Uae,0.0
030271,Uae,0.0
030272,Uae,0.0
030273,Uae,0.0
030274,Uae,0.0
030279,Uae,0.0
030281,Uae,0.0
030282,Uae,0.0
030283,Uae,0.0
030284,Uae,0.0
030285,Uae,0.0
030289,Uae,0.0
030291,Uae,0.0
030292,Uae,0.0
030299,Uae,0.0
030311,Uae,0.0
030312,Uae,0.0
030313,Uae,0.0
030314,Uae,0.0
030319,Uae,0.0
030323,Uae,0.0
030324,Uae,0.0
030325,Uae,0.0
030326,Uae,0.0
030329,Uae,0.0
030331,Uae,0.0
030332,Uae,0.0
030333,Uae,0.0
030334,Uae,0.0
030339,Uae,0.0
030341,Uae,0.0
030342,Uae,0.0
030343,Uae,0.0
030344,Uae,0.0
030345,Uae,0.0
030346,Uae,0.0
030349,Uae,0.0
030351,Uae,0.0
030353,Uae,0.0
030354,Uae,0.0
030355,Uae,0.0
030356,Uae,0.0
030357,Uae,0.0
030359,Uae,0.0
030363,Uae,0.0
030364,Uae,0.0
030365,Uae,0.0
030366,Uae,0.0
030367,Uae,0.0
030368,Uae,0.0
030369,Uae,0.0
030381,Uae,0.0
030382,Uae,0.0
030383,Uae,0.0
030384,Uae,0.0
030389,Uae,0.0
030391,Uae,0.0
030392,Uae,0.0
030399,Uae,0.0
030431,Uae,0.0
030432,Uae,0.0
030433,Uae,0.0
030439,Uae,0.0
030441,Uae,0.0
030442,Uae,0.0
030443,Uae,0.0
030444,Uae,0.0
030445,Uae,0.0
030446,Uae,0.0
030447,Uae,0.0
030448,Uae,0.0
030449,Uae,0.0
030451,Uae,0.0
030452,Uae,0.0
030453,Uae,0.0
030454,Uae,0.0
030455,Uae,0.0
030456,Uae,0.0
030457,Uae,0.0
030459,Uae,0.0
030461,Uae,0.0
030462,Uae,0.0
030463,Uae,0.0
030469,Uae,0.0
030471,Uae,0.0
030472,Uae,0.0
030473,Uae,0.0
030474,Uae,0.0
030475,Uae,0.0
030479,Uae,0.0
030481,Uae,0.0
030482,Uae,0.0
030483,Uae,0.0
030484,Uae,0.0
030485,Uae,0.0
030486,Uae,0.0
030487,Uae,0.0
030488,Uae,0.0
030489,Uae,0.0
030491,Uae,0.0
030492,Uae,0.0
030494,Uae,0.0
030495,Uae,0.0
030496,Uae,0.0
030497,Uae,0.0
030499,Uae,0.0
030520,Uae,0.0
030531,Uae,0.0
030532,Uae,0.0
030539,Uae,0.0
030541,Uae,0.0
030542,Uae,0.0
030543,Uae,0.0
030544,Uae,0.0
030549,Uae,0.0
030551,Uae,0.0
030552,Uae,0.0
030553,Uae,0.0
030554,Uae,0.0
030559,Uae,0.0
030561,Uae,0.0
030562,Uae,0.0
030563,Uae,0.0
030564,Uae,0.0
030569,Uae,0.0
030571,Uae,0.0
030572,Uae,0.0
030579,Uae,0.0
030611,Uae,0.0
030612,Uae,0.0
030614,Uae,0.0
030615,Uae,0.0
030616,Uae,0.0
030617,Uae,0.0
030634,Uae,0.0
030635,Uae,0.0
030636,Uae,0.0
030639,Uae,0.0
030691,Uae,0.0
030694,Uae,0.0
030711,Uae,0.0
030712,Uae,0.0
030719,Uae,0.0
030721,Uae,0.0
030722,Uae,0.0
030729,Uae,0.0
030731,Uae,0.0
030732,Uae,0.0
030739,Uae,0.0
030742,Uae,0.0
030743,Uae,0.0
030749,Uae,0.0
030751,Uae,0.0
030752,Uae,0.0
030759,Uae,0.0
030760,Uae,0.0
030771,Uae,0.0
030772,Uae,0.0
030779,Uae,0.0
030781,Uae,0.0
030782,Uae,0.0
030783,Uae,0.0
030784,Uae,0.0
030787,Uae,0.0
030788,Uae,0.0
030791,Uae,0.0
030792,Uae,0.0
030799,Uae,0.0
030811,Uae,0.0
030812,Uae,0.0
030819,Uae,0.0
030821,Uae,0.0
030822,Uae,0.0
030829,Uae,0.0
030830,Uae,0.0
030890,Uae,0.0
030910,Uae,0.0
030990,Uae,0.0
040711,Uae,27.0
040719,Uae,27.0
040721,Uae,27.0
040729,Uae,27.0
040790,Uae,27.0
040811,Uae,27.0
040819,Uae,27.0
040891,Uae,27.0
040899,Uae,27.0
040900,Uae,27.0
041010,Uae,24.0
041090,Uae,24.0
050100,Uae,24.0
050210,Uae,0.0
050290,Uae,24.0
050400,Uae,24.0
050510,Uae,24.0
050590,Uae,24.0
050610,Uae,24.0
050690,Uae,24.0
050710,Uae,24.0
050790,Uae,24.0
050800,Uae,24.0
051000,Uae,24.0
051110,Uae,24.0
051191,Uae,24.0
051199,Uae,24.0
060110,Uae,0.0
060120,Uae,0.0
060210,Uae,0.0
060220,Uae,0.0
060230,Uae,0.0
060240,Uae,0.0
060290,Uae,0.0
060311,Uae,48.0
060312,Uae,48.0
060313,Uae,48.0
060314,Uae,48.0
060315,Uae,48.0
060319,Uae,48.0
060390,Uae,48.0
060420,Uae,24.0
060490,Uae,24.0
070110,Uae,27.0
070190,Uae,27.0
070200,Uae,27.0
070390,Uae,0.0
070410,Uae,24.0
070420,Uae,0.0
070490,Uae,0.0
070511,Uae,0.0
070519,Uae,0.0
070521,Uae,0.0
070529,Uae,0.0
070610,Uae,24.0
070690,Uae,24.0
070700,Uae,24.0
070810,Uae,27.0
070820,Uae,27.0
070890,Uae,27.0
070920,Uae,0.0
070930,Uae,24.0
070940,Uae,0.0
070951,Uae,0.0
070952,Uae,0.0
070953,Uae,0.0
070954,Uae,0.0
070955,Uae,0.0
070956,Uae,0.0
070959,Uae,0.0
070960,Uae,27.0
070970,Uae,27.0
070991,Uae,0.0
070992,Uae,0.0
070993,Uae,0.0
070999,Uae,8.0
071010,Uae,27.0
071021,Uae,27.0
071022,Uae,27.0
071029,Uae,27.0
071030,Uae,24.0
071040,Uae,27.0
071080,Uae,27.0
071140,Uae,27.0
071151,Uae,27.0
071159,Uae,27.0
071190,Uae,27.0
071231,Uae,24.0
071232,Uae,24.0
071233,Uae,24.0
071234,Uae,24.0
071239,Uae,24.0
071290,Uae,26.57
071360,Uae,9.0
071410,Uae,24.0
071420,Uae,24.0
071430,Uae,0.0
071440,Uae,0.0
071450,Uae,0.0
071490,Uae,24.0
080121,Uae,0.0
080122,Uae,0.0
080131,Uae,0.0
080221,Uae,0.0
080222,Uae,9.5
080241,Uae,0.0
080242,Uae,0.0
080251,Uae,9.0
080252,Uae,9.0
080261,Uae,27.0
080262,Uae,27.0
080270,Uae,27.0
080310,Uae,27.0
080390,Uae,27.0
080410,Uae,0.0
080420,Uae,0.0
080430,Uae,24.0
080440,Uae,24.0
080450,Uae,24.0
080529,Uae,24.0
080540,Uae,20.0
080550,Uae,29.0
080590,Uae,27.0
080719,Uae,27.0
080720,Uae,27.0
080830,Uae,0.0
080840,Uae,0.0
080910,Uae,0.0
080921,Uae,24.0
080929,Uae,24.0
080930,Uae,24.0
080940,Uae,20.0
081010,Uae,24.0
081020,Uae,24.0
081030,Uae,24.0
081040,Uae,24.0
081050,Uae,24.0
081060,Uae,14.0
081070,Uae,24.0
081090,Uae,14.0
081110,Uae,24.0
081120,Uae,24.0
081190,Uae,24.0
081210,Uae,24.0
081290,Uae,24.0
081310,Uae,24.0
081320,Uae,20.0
081330,Uae,24.0
081340,Uae,25.5
081400,Uae,24.0
090300,Uae,27.0
090611,Uae,27.0
090619,Uae,27.0
090620,Uae,27.0
090710,Uae,33.0
090720,Uae,33.0
090821,Uae,27.0
090822,Uae,27.0
090961,Uae,27.0
090962,Uae,27.0
091020,Uae,27.0
091099,Uae,27.0
100510,Uae,45.0
100590,Uae,45.0
100610,Uae,72.0
100620,Uae,72.0
100630,Uae,63.0
100640,Uae,72.0
100710,Uae,45.0
100790,Uae,45.0
100821,Uae,45.0
100829,Uae,45.0
110100,Uae,24.0
110220,Uae,24.0
110290,Uae,24.0
110311,Uae,24.0
110313,Uae,24.0
110319,Uae,24.0
110320,Uae,24.0
110412,Uae,24.0
110419,Uae,24.0
110422,Uae,24.0
110423,Uae,24.0
110429,Uae,24.0
110430,Uae,24.0
110510,Uae,24.0
110520,Uae,24.0
110610,Uae,24.0
110620,Uae,24.0
110630,Uae,24.0
110710,Uae,27.0
110720,Uae,24.0
110811,Uae,24.0
110812,Uae,27.0
110813,Uae,24.0
110814,Uae,40.0
110819,Uae,40.0
110820,Uae,24.0
110900,Uae,24.0
120190,Uae,42.5
120241,Uae,27.0
120242,Uae,27.0
120400,Uae,27.0
120510,Uae,27.0
120590,Uae,27.0
120600,Uae,27.0
120730,Uae,24.0
120740,Uae,27.0
120750,Uae,27.0
120760,Uae,27.0
120799,Uae,27.0
120921,Uae,14.0
120922,Uae,14.0
120923,Uae,14.0
120924,Uae,14.0
120925,Uae,14.0
120929,Uae,14.0
120930,Uae,14.0
120991,Uae,4.0
120999,Uae,4.0
121010,Uae,24.0
121020,Uae,27.0
121120,Uae,24.0
121150,Uae,14.0
121160,Uae,14.0
121190,Uae,14.0
121221,Uae,24.0
121229,Uae,24.0
121291,Uae,24.0
121292,Uae,24.0
121293,Uae,24.0
121294,Uae,24.0
121299,Uae,24.0
121300,Uae,24.0
121410,Uae,24.0
121490,Uae,24.0
130120,Uae,24.0
130190,Uae,23.75
130211,Uae,0.0
130212,Uae,24.0
130213,Uae,24.0
130214,Uae,14.0
130219,Uae,14.0
130220,Uae,14.0
130231,Uae,24.0
130232,Uae,24.0
130239,Uae,24.0
140110,Uae,22.5
140120,Uae,27.0
140190,Uae,24.0
140420,Uae,24.0
140490,Uae,24.0
150110,Uae,24.0
150120,Uae,24.0
150190,Uae,24.0
150210,Uae,12.0
150290,Uae,12.0
150300,Uae,12.0
150410,Uae,24.0
150420,Uae,24.0
150430,Uae,24.0
150500,Uae,14.0
150600,Uae,24.0
150710,Uae,0.0
150790,Uae,24.25
150810,Uae,33.0
150920,Uae,32.0
150930,Uae,32.0
150940,Uae,32.0
150990,Uae,32.0
151010,Uae,33.0
151090,Uae,42.5
151110,Uae,0.0
151190,Uae,14.25
151211,Uae,32.0
151219,Uae,16.0
151221,Uae,32.0
151311,Uae,32.0
151319,Uae,36.0
151321,Uae,32.0
151329,Uae,36.0
151411,Uae,32.0
151419,Uae,36.0
151491,Uae,31.67
151499,Uae,36.0
151511,Uae,32.0
151521,Uae,32.0
151550,Uae,32.0
151560,Uae,36.0
151610,Uae,27.0
151620,Uae,50.0
151630,Uae,36.0
151710,Uae,29.25
151790,Uae,36.0
151800,Uae,31.5
152000,Uae,24.0
152110,Uae,24.0
152190,Uae,24.0
152200,Uae,24.0
160100,Uae,90.0
160210,Uae,24.0
160231,Uae,24.0
160232,Uae,80.0
160239,Uae,24.0
160241,Uae,0.0
160242,Uae,0.0
160249,Uae,0.0
160250,Uae,24.0
160290,Uae,24.0
160300,Uae,24.0
160411,Uae,24.0
160412,Uae,24.0
160413,Uae,24.0
160414,Uae,24.0
160415,Uae,24.0
160416,Uae,24.0
160417,Uae,24.0
160418,Uae,24.0
160419,Uae,24.0
160420,Uae,24.0
160431,Uae,24.0
160432,Uae,24.0
160510,Uae,24.0
160540,Uae,24.0
160551,Uae,24.0
160552,Uae,24.0
160553,Uae,24.0
160554,Uae,24.0
160555,Uae,24.0
160556,Uae,24.0
160557,Uae,24.0
160558,Uae,24.0
160559,Uae,24.0
160561,Uae,24.0
160562,Uae,24.0
160563,Uae,24.0
160569,Uae,24.0
170211,Uae,22.0
170219,Uae,22.0
170220,Uae,24.0
170230,Uae,24.0
170240,Uae,24.0
170250,Uae,24.0
170260,Uae,24.0
170290,Uae,24.0
170310,Uae,24.0
170390,Uae,24.0
170410,Uae,36.0
170490,Uae,24.0
180100,Uae,24.0
180200,Uae,24.0
180310,Uae,27.0
180320,Uae,27.0
180400,Uae,27.0
180500,Uae,24.0
180610,Uae,24.0
180620,Uae,24.0
180631,Uae,24.0
180632,Uae,24.0
190110,Uae,40.0
190120,Uae,24.0
190190,Uae,24.0
190211,Uae,24.0
190219,Uae,24.0
190220,Uae,0.0
190230,Uae,0.0
190240,Uae,0.0
190300,Uae,0.0
190410,Uae,0.0
190420,Uae,0.0
190430,Uae,0.0
190490,Uae,0.0
190510,Uae,24.0
190520,Uae,24.0
190531,Uae,27.0
190532,Uae,27.0
190540,Uae,24.0
190590,Uae,24.0
200110,Uae,0.0
200190,Uae,0.0
200210,Uae,0.0
200290,Uae,0.0
200310,Uae,0.0
200390,Uae,0.0
200410,Uae,0.0
200490,Uae,0.0
200510,Uae,0.0
200520,Uae,0.0
200540,Uae,0.0
200551,Uae,0.0
200559,Uae,0.0
200560,Uae,0.0
200570,Uae,0.0
200580,Uae,0.0
200591,Uae,0.0
200599,Uae,0.0
200600,Uae,0.0
200710,Uae,0.0
200791,Uae,0.0
200799,Uae,0.0
200811,Uae,0.0
200819,Uae,0.0
200820,Uae,0.0
200830,Uae,0.0
200840,Uae,0.0
200850,Uae,0.0
200860,Uae,0.0
200870,Uae,0.0
200880,Uae,0.0
200891,Uae,0.0
200893,Uae,0.0
200897,Uae,0.0
200899,Uae,0.0
200911,Uae,28.0
200912,Uae,28.0
200919,Uae,28.0
200921,Uae,40.0
200929,Uae,40.0
200931,Uae,40.0
200939,Uae,40.0
200941,Uae,40.0
200949,Uae,40.0
200950,Uae,40.0
200961,Uae,40.0
200971,Uae,40.0
200979,Uae,40.0
200981,Uae,40.0
200989,Uae,40.0
200990,Uae,40.0
210210,Uae,0.0
210220,Uae,0.0
210230,Uae,0.0
210310,Uae,0.0
210320,Uae,0.0
210330,Uae,0.0
210390,Uae,0.0
210410,Uae,0.0
210420,Uae,0.0
210500,Uae,0.0
210610,Uae,0.0
220110,Uae,0.0
220190,Uae,0.0
220210,Uae,0.0
220291,Uae,0.0
220299,Uae,0.0
220300,Uae,75.0
220410,Uae,0.0
220421,Uae,0.0
220422,Uae,0.0
220429,Uae,0.0
220430,Uae,0.0
220510,Uae,0.0
220590,Uae,0.0
220600,Uae,0.0
220710,Uae,100.0
220720,Uae,4.5
220820,Uae,0.0
220830,Uae,0.0
220840,Uae,0.0
220850,Uae,0.0
220860,Uae,0.0
220870,Uae,0.0
220890,Uae,0.0
220900,Uae,24.0
230110,Uae,14.0
230120,Uae,14.0
230210,Uae,14.0
230230,Uae,14.0
230240,Uae,14.0
230250,Uae,14.0
230310,Uae,14.0
230320,Uae,14.0
230330,Uae,14.0
230400,Uae,14.0
230500,Uae,14.0
230610,Uae,14.0
230620,Uae,14.0
230630,Uae,14.0
230641,Uae,14.0
230649,Uae,14.0
230650,Uae,14.0
230660,Uae,14.0
230690,Uae,14.0
230700,Uae,14.0
230800,Uae,14.0
230910,Uae,18.0
230990,Uae,14.0
240412,Uae,0.0
240419,Uae,0.0
240492,Uae,0.0
240499,Uae,0.0
250100,Uae,0.0
250300,Uae,0.0
250410,Uae,4.0
250490,Uae,4.0
250510,Uae,0.0
250590,Uae,0.0
250610,Uae,0.0
250620,Uae,0.0
250700,Uae,4.0
250810,Uae,4.0
250830,Uae,0.0
250840,Uae,2.67
250850,Uae,0.57
250860,Uae,4.0
250870,Uae,0.0
250900,Uae,0.0
251010,Uae,0.0
251020,Uae,0.0
251110,Uae,1.33
251200,Uae,0.0
251310,Uae,0.0
251320,Uae,0.0
251400,Uae,0.0
251511,Uae,0.0
251512,Uae,27.17
251520,Uae,0.0
251611,Uae,9.5
251612,Uae,9.5
251620,Uae,0.0
251690,Uae,0.0
251710,Uae,0.0
251720,Uae,0.0
251730,Uae,0.0
251741,Uae,0.0
251749,Uae,0.0
251810,Uae,2.0
251820,Uae,0.0
251910,Uae,4.0
251990,Uae,4.0
252010,Uae,0.67
252020,Uae,4.0
252100,Uae,2.0
252210,Uae,4.0
252220,Uae,0.0
252230,Uae,0.0
252310,Uae,9.5
252321,Uae,9.5
252330,Uae,8.0
252390,Uae,8.0
252410,Uae,0.0
252490,Uae,0.47
252510,Uae,0.0
252520,Uae,0.67
252530,Uae,2.0
252610,Uae,2.67
252620,Uae,4.0
252800,Uae,2.0
252910,Uae,0.0
252921,Uae,4.0
252922,Uae,4.0
252930,Uae,0.0
253010,Uae,0.0
253020,Uae,0.0
253090,Uae,1.33
260111,Uae,0.0
260112,Uae,0.0
260120,Uae,0.0
260200,Uae,0.0
260300,Uae,0.0
260400,Uae,0.0
260500,Uae,0.0
260600,Uae,0.0
260700,Uae,0.0
260800,Uae,0.0
260900,Uae,0.0
261000,Uae,0.0
261100,Uae,0.0
261210,Uae,0.0
261220,Uae,0.0
261310,Uae,0.0
261390,Uae,0.0
261400,Uae,0.0
261510,Uae,0.0
261590,Uae,0.0
261610,Uae,0.0
261690,Uae,0.0
261710,Uae,0.0
261790,Uae,0.0
261800,Uae,0.0
261900,Uae,0.0
262011,Uae,0.0
262019,Uae,0.0
262021,Uae,0.0
262029,Uae,0.0
262030,Uae,0.0
262040,Uae,0.0
262060,Uae,0.0
262091,Uae,0.0
262099,Uae,0.0
262110,Uae,0.0
262190,Uae,0.0
270111,Uae,0.0
270112,Uae,0.0
270119,Uae,0.0
270120,Uae,0.0
270210,Uae,0.0
270220,Uae,0.0
270300,Uae,0.0
270400,Uae,0.0
270500,Uae,0.0
270600,Uae,0.0
270791,Uae,0.0
270799,Uae,0.0
270810,Uae,0.0
270820,Uae,0.0
270900,Uae,0.0
271012,Uae,0.36
271019,Uae,3.88
271111,Uae,0.0
271112,Uae,0.0
271113,Uae,0.0
271114,Uae,0.0
271119,Uae,1.33
271121,Uae,0.0
271210,Uae,4.0
271290,Uae,4.0
271312,Uae,7.5
271320,Uae,4.0
271410,Uae,0.0
271490,Uae,0.0
271500,Uae,0.0
271600,Uae,0.0
280110,Uae,0.0
280120,Uae,0.0
280130,Uae,0.0
280200,Uae,0.0
280300,Uae,4.25
280410,Uae,0.0
280421,Uae,4.0
280429,Uae,0.0
280430,Uae,0.0
280440,Uae,0.0
280450,Uae,0.0
280461,Uae,0.0
280469,Uae,0.0
280470,Uae,0.0
280480,Uae,0.0
280490,Uae,0.0
280511,Uae,0.0
280512,Uae,0.0
280519,Uae,0.0
280530,Uae,0.0
280540,Uae,0.0
280610,Uae,0.0
280620,Uae,0.0
280700,Uae,0.0
280800,Uae,0.0
280910,Uae,0.0
280920,Uae,7.0
281000,Uae,0.0
281111,Uae,0.0
281112,Uae,0.0
281119,Uae,0.0
281121,Uae,0.0
281122,Uae,0.0
281129,Uae,0.0
281211,Uae,0.0
281212,Uae,0.0
281213,Uae,0.0
281214,Uae,0.0
281215,Uae,0.0
281216,Uae,0.0
281217,Uae,0.0
281219,Uae,0.0
281290,Uae,0.0
281310,Uae,0.0
281390,Uae,0.0
281410,Uae,0.0
281420,Uae,0.0
281511,Uae,7.0
281520,Uae,7.0
281530,Uae,0.0
281610,Uae,0.0
281640,Uae,0.0
281810,Uae,0.0
281820,Uae,0.0
281830,Uae,0.0
281910,Uae,0.0
281990,Uae,0.0
282010,Uae,0.0
282090,Uae,0.0
282110,Uae,0.0
282120,Uae,0.0
282200,Uae,0.0
282410,Uae,7.0
282490,Uae,0.0
282510,Uae,0.0
282520,Uae,0.0
282530,Uae,0.0
282550,Uae,0.0
282560,Uae,0.0
282570,Uae,0.0
282580,Uae,0.0
282590,Uae,0.0
282612,Uae,0.0
282619,Uae,0.0
282630,Uae,0.0
282690,Uae,0.0
282710,Uae,0.0
282720,Uae,0.0
282731,Uae,0.0
282732,Uae,0.0
282735,Uae,0.0
282739,Uae,0.0
282741,Uae,0.0
282749,Uae,0.0
282751,Uae,0.0
282759,Uae,0.0
282760,Uae,0.0
282810,Uae,0.0
282890,Uae,0.0
282911,Uae,0.0
282919,Uae,0.0
282990,Uae,0.0
283010,Uae,0.0
283090,Uae,0.0
283110,Uae,0.0
283190,Uae,0.0
283210,Uae,4.67
283220,Uae,0.0
283230,Uae,0.0
283311,Uae,0.0
283319,Uae,0.0
283321,Uae,0.0
283322,Uae,0.0
283324,Uae,0.0
283325,Uae,0.0
283327,Uae,0.0
283329,Uae,0.0
283330,Uae,0.0
283340,Uae,0.0
283410,Uae,0.0
283421,Uae,0.0
283429,Uae,0.0
283510,Uae,0.0
283522,Uae,0.0
283524,Uae,0.0
283525,Uae,0.0
283526,Uae,0.0
283529,Uae,0.0
283531,Uae,0.0
283539,Uae,0.0
283640,Uae,0.0
283650,Uae,0.0
283660,Uae,0.0
283691,Uae,0.0
283692,Uae,0.0
283699,Uae,0.0
283719,Uae,0.0
283720,Uae,0.0
283911,Uae,0.0
283919,Uae,0.0
283990,Uae,0.0
284011,Uae,0.0
284019,Uae,0.0
284020,Uae,0.0
284030,Uae,0.0
284130,Uae,0.0
284150,Uae,0.0
284161,Uae,0.0
284169,Uae,0.0
284170,Uae,0.0
284180,Uae,0.0
284190,Uae,0.0
284210,Uae,0.0
284290,Uae,0.0
284310,Uae,0.0
284321,Uae,0.0
284329,Uae,0.0
284330,Uae,0.0
284390,Uae,0.0
284410,Uae,0.0
284420,Uae,0.0
284430,Uae,0.0
284441,Uae,0.0
284442,Uae,0.0
284443,Uae,0.0
284444,Uae,0.0
284450,Uae,0.0
284510,Uae,0.0
284520,Uae,0.0
284530,Uae,0.0
284590,Uae,0.0
284610,Uae,0.0
284690,Uae,0.0
284910,Uae,0.0
284920,Uae,0.0
284990,Uae,0.0
285000,Uae,0.0
285210,Uae,0.0
285290,Uae,0.0
285310,Uae,0.0
285390,Uae,0.0
290110,Uae,0.0
290121,Uae,0.0
290122,Uae,0.0
290123,Uae,0.0
290124,Uae,0.0
290129,Uae,0.0
290211,Uae,0.0
290219,Uae,0.0
290220,Uae,0.0
290230,Uae,0.0
290242,Uae,0.0
290244,Uae,0.0
290250,Uae,0.0
290260,Uae,0.0
290270,Uae,0.0
290290,Uae,0.57
290311,Uae,5.75
290312,Uae,7.0
290313,Uae,7.0
290314,Uae,4.5
290319,Uae,0.0
290321,Uae,0.0
290322,Uae,0.0
290323,Uae,0.0
290329,Uae,0.0
290341,Uae,0.0
290342,Uae,0.0
290343,Uae,0.0
290344,Uae,0.0
290345,Uae,0.0
290346,Uae,0.0
290347,Uae,0.0
290348,Uae,0.0
290349,Uae,0.0
290351,Uae,0.0
290359,Uae,0.0
290361,Uae,0.0
290362,Uae,0.0
290369,Uae,0.0
290371,Uae,0.0
290372,Uae,0.0
290373,Uae,0.0
290374,Uae,0.0
290375,Uae,0.0
290376,Uae,0.0
290377,Uae,0.0
290378,Uae,0.0
290379,Uae,0.0
290381,Uae,0.0
290383,Uae,4.5
290391,Uae,0.0
290392,Uae,0.0
290393,Uae,0.0
290394,Uae,0.0
290399,Uae,0.0
290410,Uae,0.0
290420,Uae,0.0
290431,Uae,0.0
290432,Uae,0.0
290433,Uae,0.0
290434,Uae,0.0
290435,Uae,0.0
290436,Uae,0.0
290491,Uae,0.0
290499,Uae,0.0
290512,Uae,7.0
290513,Uae,7.0
290514,Uae,7.0
290516,Uae,2.33
290517,Uae,0.0
290519,Uae,7.0
290522,Uae,0.0
290529,Uae,7.0
290531,Uae,4.0
290532,Uae,7.0
290539,Uae,7.0
290541,Uae,7.0
290542,Uae,0.0
290543,Uae,0.0
290544,Uae,0.0
290545,Uae,7.0
290549,Uae,0.0
290551,Uae,0.0
290559,Uae,0.0
290611,Uae,0.0
290612,Uae,0.0
290613,Uae,0.0
290619,Uae,0.0
290621,Uae,0.0
290629,Uae,7.0
290711,Uae,0.0
290712,Uae,0.0
290713,Uae,0.0
290715,Uae,0.0
290719,Uae,0.0
290721,Uae,0.0
290722,Uae,0.0
290723,Uae,0.0
290729,Uae,0.0
290811,Uae,0.0
290819,Uae,0.0
290891,Uae,0.0
290892,Uae,0.0
290899,Uae,0.0
290911,Uae,0.0
290919,Uae,0.0
290920,Uae,0.0
290930,Uae,0.0
290941,Uae,0.0
290943,Uae,0.0
290944,Uae,0.0
290949,Uae,0.0
290950,Uae,0.0
290960,Uae,0.0
291010,Uae,0.0
291020,Uae,0.0
291030,Uae,0.0
291040,Uae,0.0
291050,Uae,0.0
291090,Uae,0.0
291100,Uae,0.0
291211,Uae,0.0
291212,Uae,0.0
291219,Uae,0.0
291221,Uae,0.0
291229,Uae,0.0
291241,Uae,0.0
291242,Uae,0.0
291249,Uae,0.0
291250,Uae,0.0
291260,Uae,0.0
291300,Uae,0.0
291411,Uae,7.0
291412,Uae,0.0
291413,Uae,0.0
291419,Uae,7.0
291422,Uae,7.0
291423,Uae,0.0
291429,Uae,5.0
291431,Uae,0.0
291439,Uae,7.0
291440,Uae,0.0
291450,Uae,0.0
291461,Uae,7.0
291462,Uae,7.0
291469,Uae,7.0
291471,Uae,0.0
291479,Uae,0.0
291511,Uae,0.0
291512,Uae,0.0
291513,Uae,0.0
291521,Uae,0.0
291524,Uae,0.0
291529,Uae,7.0
291531,Uae,7.0
291532,Uae,7.0
291533,Uae,0.0
291536,Uae,0.0
291539,Uae,0.0
291540,Uae,0.0
291550,Uae,0.0
291560,Uae,0.0
291570,Uae,7.0
291590,Uae,7.0
291611,Uae,7.0
291612,Uae,7.0
291613,Uae,7.0
291614,Uae,7.0
291615,Uae,7.0
291616,Uae,7.0
291619,Uae,7.0
291620,Uae,0.0
291631,Uae,7.0
291632,Uae,0.0
291634,Uae,7.0
291639,Uae,7.0
291712,Uae,0.0
291713,Uae,0.0
291714,Uae,0.0
291719,Uae,7.0
291720,Uae,0.0
291732,Uae,7.0
291733,Uae,0.0
291734,Uae,0.0
291735,Uae,0.0
291736,Uae,4.0
291737,Uae,4.0
291739,Uae,5.0
291811,Uae,0.0
291812,Uae,0.0
291813,Uae,7.0
291814,Uae,0.0
291815,Uae,0.0
291816,Uae,7.0
291817,Uae,0.0
291818,Uae,0.0
291819,Uae,0.0
291821,Uae,0.0
291823,Uae,7.0
291829,Uae,7.0
291830,Uae,7.0
291891,Uae,0.0
291899,Uae,0.0
291910,Uae,0.0
291990,Uae,0.0
292011,Uae,0.0
292019,Uae,0.0
292021,Uae,7.0
292022,Uae,7.0
292023,Uae,7.0
292024,Uae,7.0
292029,Uae,7.0
292030,Uae,7.0
292090,Uae,7.0
292111,Uae,0.0
292112,Uae,0.0
292113,Uae,0.0
292114,Uae,0.0
292119,Uae,0.0
292121,Uae,0.0
292122,Uae,0.0
292129,Uae,0.0
292130,Uae,0.0
292141,Uae,0.0
292142,Uae,0.0
292143,Uae,0.0
292144,Uae,0.0
292145,Uae,0.0
292146,Uae,0.0
292149,Uae,0.0
292151,Uae,0.0
292159,Uae,0.0
292211,Uae,0.0
292212,Uae,0.0
292214,Uae,0.0
292215,Uae,0.0
292216,Uae,0.0
292217,Uae,0.0
292218,Uae,0.0
292219,Uae,0.0
292221,Uae,0.0
292229,Uae,0.0
292231,Uae,0.0
292239,Uae,0.0
292241,Uae,0.0
292242,Uae,0.0
292243,Uae,0.0
292244,Uae,0.0
292249,Uae,0.0
292250,Uae,0.0
292310,Uae,0.0
292320,Uae,0.0
292330,Uae,0.0
292340,Uae,0.0
292390,Uae,0.0
292411,Uae,0.0
292412,Uae,0.0
292419,Uae,0.0
292421,Uae,0.0
292423,Uae,0.0
292424,Uae,0.0
292425,Uae,0.0
292429,Uae,0.0
292511,Uae,0.0
292512,Uae,0.0
292519,Uae,0.0
292521,Uae,0.0
292529,Uae,0.0
292610,Uae,0.0
292620,Uae,0.0
292630,Uae,0.0
292640,Uae,0.0
292690,Uae,0.0
292700,Uae,0.0
292800,Uae,0.0
292910,Uae,0.0
292990,Uae,0.0
293020,Uae,0.0
293030,Uae,0.0
293040,Uae,0.0
293060,Uae,0.0
293070,Uae,0.0
293080,Uae,0.0
293090,Uae,0.0
293110,Uae,0.0
293120,Uae,0.0
293141,Uae,0.0
293142,Uae,0.0
293143,Uae,0.0
293144,Uae,0.0
293145,Uae,0.0
293146,Uae,0.0
293147,Uae,0.0
293148,Uae,0.0
293149,Uae,0.0
293151,Uae,0.0
293152,Uae,0.0
293153,Uae,0.0
293154,Uae,0.0
293159,Uae,0.0
293190,Uae,0.0
293211,Uae,0.0
293212,Uae,0.0
293213,Uae,0.0
293214,Uae,0.0
293219,Uae,0.0
293220,Uae,0.0
293291,Uae,0.0
293292,Uae,0.0
293293,Uae,0.0
293294,Uae,0.0
293295,Uae,0.0
293296,Uae,0.0
293299,Uae,0.0
293311,Uae,0.0
293319,Uae,0.0
293321,Uae,0.0
293329,Uae,0.0
293331,Uae,0.0
293332,Uae,0.0
293333,Uae,0.0
293339,Uae,0.0
293341,Uae,0.0
293349,Uae,0.0
293352,Uae,0.0
293353,Uae,0.0
293354,Uae,0.0
293355,Uae,0.0
293359,Uae,0.0
293361,Uae,0.0
293369,Uae,0.0
293371,Uae,0.0
293372,Uae,0.0
293379,Uae,0.0
293391,Uae,0.0
293392,Uae,0.0
293399,Uae,0.0
293410,Uae,0.0
293420,Uae,0.0
293430,Uae,0.0
293491,Uae,0.0
293492,Uae,0.0
293499,Uae,0.0
293510,Uae,0.0
293520,Uae,0.0
293530,Uae,0.0
293540,Uae,0.0
293550,Uae,0.0
293590,Uae,0.0
293621,Uae,0.0
293622,Uae,0.0
293623,Uae,0.0
293624,Uae,0.0
293626,Uae,0.0
293627,Uae,0.0
293628,Uae,0.0
293629,Uae,0.0
293690,Uae,0.0
293711,Uae,0.0
293712,Uae,0.0
293719,Uae,0.0
293721,Uae,0.0
293722,Uae,0.0
293723,Uae,0.0
293729,Uae,0.0
293750,Uae,0.0
293790,Uae,0.0
293810,Uae,0.0
293890,Uae,0.0
293911,Uae,0.0
293919,Uae,0.0
293920,Uae,0.0
293930,Uae,0.0
293941,Uae,0.0
293942,Uae,0.0
293943,Uae,0.0
293944,Uae,0.0
293945,Uae,0.0
293949,Uae,0.0
293951,Uae,0.0
293959,Uae,0.0
293961,Uae,0.0
293962,Uae,0.0
293963,Uae,0.0
293969,Uae,0.0
293972,Uae,0.0
293979,Uae,0.0
293980,Uae,0.0
294000,Uae,0.0
294110,Uae,0.0
294120,Uae,0.0
294130,Uae,0.0
294140,Uae,0.0
294190,Uae,0.0
294200,Uae,0.0
300120,Uae,0.0
300190,Uae,0.0
300212,Uae,0.0
300213,Uae,0.0
300214,Uae,0.0
300215,Uae,0.0
300241,Uae,0.0
300242,Uae,0.0
300249,Uae,0.0
300251,Uae,0.0
300259,Uae,0.0
300290,Uae,0.0
300310,Uae,0.0
300320,Uae,0.0
300331,Uae,0.0
300339,Uae,0.0
300341,Uae,0.0
300342,Uae,0.0
300343,Uae,0.0
300349,Uae,0.0
300360,Uae,0.0
300390,Uae,0.0
300410,Uae,0.0
300420,Uae,0.0
300431,Uae,0.0
300432,Uae,0.0
300439,Uae,0.0
300441,Uae,0.0
300442,Uae,0.0
300443,Uae,0.0
300449,Uae,0.0
300450,Uae,0.0
300460,Uae,0.0
300490,Uae,0.0
300510,Uae,0.0
300590,Uae,0.0
300610,Uae,0.0
300630,Uae,0.0
300640,Uae,0.0
300650,Uae,0.0
300670,Uae,0.0
300691,Uae,0.0
300692,Uae,0.0
310100,Uae,0.0
310221,Uae,0.0
310229,Uae,0.0
310230,Uae,0.0
310240,Uae,0.0
310260,Uae,0.0
310280,Uae,0.0
310290,Uae,0.0
310311,Uae,0.0
310319,Uae,0.0
310390,Uae,0.0
310420,Uae,0.0
310430,Uae,0.0
310490,Uae,0.0
310510,Uae,0.0
310520,Uae,0.0
310530,Uae,0.0
310540,Uae,0.0
310551,Uae,0.0
310559,Uae,0.0
310560,Uae,0.0
310590,Uae,0.0
320110,Uae,0.0
320120,Uae,0.0
320190,Uae,0.0
320210,Uae,0.0
320290,Uae,0.0
320300,Uae,0.0
320411,Uae,7.0
320412,Uae,2.73
320413,Uae,0.0
320414,Uae,0.0
320415,Uae,0.0
320416,Uae,0.0
320417,Uae,0.0
320419,Uae,0.0
320500,Uae,0.0
320641,Uae,0.0
320642,Uae,0.0
320649,Uae,0.0
320710,Uae,0.0
320720,Uae,0.0
320730,Uae,0.0
320740,Uae,0.0
320810,Uae,0.0
320820,Uae,0.0
320890,Uae,0.0
320910,Uae,0.0
320990,Uae,0.0
321100,Uae,0.0
321210,Uae,0.0
321290,Uae,0.0
321310,Uae,0.0
321390,Uae,0.0
321410,Uae,0.0
321511,Uae,0.0
321519,Uae,0.0
321590,Uae,0.0
330112,Uae,0.0
330113,Uae,0.0
330119,Uae,19.0
330124,Uae,19.0
330125,Uae,19.0
330129,Uae,19.0
330130,Uae,19.0
330190,Uae,19.0
330210,Uae,0.0
330410,Uae,0.0
330420,Uae,0.0
330430,Uae,0.0
330491,Uae,0.0
330499,Uae,0.0
330510,Uae,0.0
330520,Uae,0.0
330530,Uae,0.0
330590,Uae,0.0
330610,Uae,16.0
330620,Uae,0.0
330690,Uae,0.0
330710,Uae,0.0
330720,Uae,0.0
330730,Uae,0.0
330749,Uae,0.0
330790,Uae,0.0
340111,Uae,0.0
340130,Uae,0.0
340231,Uae,0.0
340239,Uae,0.0
340249,Uae,0.0
340250,Uae,0.0
340290,Uae,0.0
340311,Uae,0.0
340319,Uae,0.0
340391,Uae,0.0
340399,Uae,0.0
340420,Uae,0.0
340490,Uae,0.0
340510,Uae,0.0
340520,Uae,0.0
340530,Uae,0.0
340540,Uae,0.0
340590,Uae,0.0
340600,Uae,0.0
340700,Uae,0.0
350110,Uae,19.0
350190,Uae,19.0
350211,Uae,18.0
350219,Uae,18.0
350220,Uae,18.0
350290,Uae,18.0
350300,Uae,18.0
350400,Uae,19.0
350510,Uae,19.0
350520,Uae,19.0
350610,Uae,0.0
350699,Uae,0.0
350710,Uae,0.0
350790,Uae,0.0
360100,Uae,0.0
360200,Uae,0.0
360310,Uae,0.0
360320,Uae,0.0
360330,Uae,0.0
360340,Uae,0.0
360350,Uae,0.0
360360,Uae,0.0
360410,Uae,0.0
360490,Uae,0.0
360610,Uae,0.0
360690,Uae,0.0
370110,Uae,0.0
370120,Uae,0.0
370130,Uae,0.0
370191,Uae,0.0
370199,Uae,0.0
370210,Uae,0.0
370231,Uae,0.0
370232,Uae,0.0
370239,Uae,0.0
370241,Uae,0.0
370242,Uae,0.0
370243,Uae,0.0
370244,Uae,0.0
370252,Uae,0.0
370253,Uae,0.0
370254,Uae,0.0
370255,Uae,0.0
370256,Uae,0.0
370296,Uae,0.0
370297,Uae,0.0
370298,Uae,0.0
370310,Uae,0.0
370320,Uae,0.0
370390,Uae,0.0
370400,Uae,0.0
370500,Uae,0.0
370610,Uae,0.0
370690,Uae,0.0
370710,Uae,0.0
370790,Uae,0.0
380110,Uae,0.0
380120,Uae,0.0
380130,Uae,0.0
380190,Uae,0.0
380210,Uae,0.0
380290,Uae,0.0
380300,Uae,0.0
380400,Uae,0.0
380510,Uae,0.0
380590,Uae,0.0
380610,Uae,0.0
380620,Uae,0.0
380630,Uae,0.0
380690,Uae,0.0
380700,Uae,0.0
380852,Uae,0.0
380859,Uae,0.0
380861,Uae,0.0
380862,Uae,0.0
380869,Uae,0.0
380892,Uae,2.67
380893,Uae,7.33
380894,Uae,8.0
380899,Uae,4.0
380910,Uae,0.0
380991,Uae,0.0
380993,Uae,7.0
381010,Uae,0.0
381090,Uae,0.0
381111,Uae,0.0
381119,Uae,0.0
381121,Uae,0.0
381129,Uae,0.0
381190,Uae,0.0
381210,Uae,0.0
381231,Uae,0.0
381239,Uae,0.0
381300,Uae,0.0
381400,Uae,0.0
381511,Uae,0.0
381512,Uae,0.0
381519,Uae,0.0
381590,Uae,0.0
381600,Uae,0.0
381700,Uae,7.0
381900,Uae,0.0
382000,Uae,0.0
382100,Uae,0.0
382211,Uae,0.0
382212,Uae,0.0
382213,Uae,0.0
382219,Uae,0.0
382311,Uae,0.0
382312,Uae,0.0
382313,Uae,0.0
382319,Uae,7.0
382370,Uae,0.0
382410,Uae,0.0
382430,Uae,0.0
382440,Uae,0.0
382450,Uae,0.0
382460,Uae,0.0
382481,Uae,0.0
382482,Uae,0.0
382483,Uae,0.0
382484,Uae,0.0
382485,Uae,0.0
382486,Uae,0.0
382487,Uae,0.0
382488,Uae,0.0
382489,Uae,0.0
382491,Uae,0.0
382492,Uae,0.0
382499,Uae,0.0
382510,Uae,0.0
382520,Uae,0.0
382530,Uae,0.0
382541,Uae,0.0
382549,Uae,0.0
382550,Uae,0.0
382561,Uae,0.0
382569,Uae,0.0
382590,Uae,0.0
382600,Uae,0.0
382711,Uae,0.0
382712,Uae,0.0
382713,Uae,0.0
382714,Uae,0.0
382720,Uae,0.0
382731,Uae,0.0
382732,Uae,0.0
382739,Uae,0.0
382740,Uae,0.0
382751,Uae,7.0
382759,Uae,7.0
382761,Uae,7.0
382762,Uae,7.0
382763,Uae,7.0
382764,Uae,7.0
382765,Uae,7.0
382768,Uae,7.0
382769,Uae,7.0
382790,Uae,0.0
390130,Uae,0.0
390311,Uae,7.0
390319,Uae,7.0
390320,Uae,0.0
390330,Uae,7.0
390390,Uae,7.0
390450,Uae,6.75
390461,Uae,6.75
390469,Uae,6.75
390512,Uae,0.0
390519,Uae,0.0
390521,Uae,0.0
390530,Uae,0.0
390591,Uae,0.0
390599,Uae,0.0
390610,Uae,7.0
390690,Uae,0.0
390710,Uae,0.0
390721,Uae,0.0
390729,Uae,0.0
390730,Uae,7.0
390740,Uae,0.0
390750,Uae,7.0
390761,Uae,0.0
390769,Uae,0.0
390770,Uae,0.0
390791,Uae,1.4
390799,Uae,7.0
390810,Uae,5.14
390890,Uae,9.0
390910,Uae,7.0
390920,Uae,7.0
390931,Uae,0.0
390939,Uae,0.0
390940,Uae,1.0
390950,Uae,7.0
391000,Uae,0.0
391110,Uae,0.0
391120,Uae,0.0
391190,Uae,0.0
391211,Uae,0.0
391212,Uae,0.0
391220,Uae,0.0
391231,Uae,0.0
391239,Uae,0.0
391290,Uae,0.0
391310,Uae,0.0
391390,Uae,0.0
391400,Uae,0.0
391610,Uae,3.0
391620,Uae,0.0
391690,Uae,0.0
391710,Uae,0.0
391721,Uae,0.0
391722,Uae,0.0
391723,Uae,0.0
391729,Uae,0.0
391732,Uae,0.0
391733,Uae,0.0
391739,Uae,0.0
392062,Uae,0.0
392079,Uae,0.0
392092,Uae,0.0
392093,Uae,0.0
392094,Uae,0.0
392114,Uae,0.0
392119,Uae,0.0
392210,Uae,13.5
392220,Uae,13.5
392290,Uae,13.5
392690,Uae,0.0
400130,Uae,8.0
400211,Uae,8.0
400219,Uae,8.0
400220,Uae,8.0
400231,Uae,8.0
400239,Uae,8.0
400241,Uae,8.0
400249,Uae,8.0
400251,Uae,8.0
400259,Uae,8.0
400260,Uae,8.0
400270,Uae,7.0
400280,Uae,0.0
400291,Uae,0.0
400299,Uae,0.0
400400,Uae,9.0
400510,Uae,9.0
400520,Uae,9.0
400591,Uae,9.0
400599,Uae,9.0
400610,Uae,9.0
400690,Uae,9.0
400700,Uae,9.0
400811,Uae,9.0
400819,Uae,9.0
400821,Uae,9.0
400911,Uae,8.0
400912,Uae,8.0
400921,Uae,8.0
400922,Uae,8.0
400932,Uae,0.0
401011,Uae,8.0
401012,Uae,8.0
401019,Uae,8.0
401031,Uae,8.0
401033,Uae,8.0
401034,Uae,8.0
401035,Uae,8.0
401036,Uae,8.0
401039,Uae,8.0
401130,Uae,0.0
401170,Uae,8.0
401180,Uae,8.0
401190,Uae,8.0
401211,Uae,8.0
401212,Uae,9.0
401213,Uae,0.0
401219,Uae,8.0
401290,Uae,9.0
401310,Uae,8.0
401320,Uae,8.0
401390,Uae,8.0
401490,Uae,8.0
401512,Uae,8.0
401590,Uae,8.0
401610,Uae,8.0
401691,Uae,8.0
401692,Uae,8.0
401694,Uae,8.0
401695,Uae,12.0
401699,Uae,9.67
401700,Uae,8.0
410411,Uae,0.0
410419,Uae,0.0
410441,Uae,0.0
410449,Uae,0.0
410510,Uae,0.0
410530,Uae,0.0
410621,Uae,0.0
410622,Uae,0.0
410631,Uae,0.0
410632,Uae,0.0
410640,Uae,0.0
410691,Uae,0.0
410692,Uae,0.0
410711,Uae,0.0
410712,Uae,0.0
410719,Uae,0.0
410791,Uae,0.0
410792,Uae,0.0
410799,Uae,0.0
411200,Uae,0.0
411310,Uae,0.0
411320,Uae,0.0
411330,Uae,0.0
411390,Uae,0.0
411410,Uae,0.0
411420,Uae,0.0
411510,Uae,0.0
411520,Uae,0.0
420100,Uae,0.0
420211,Uae,0.0
420212,Uae,0.0
420219,Uae,0.0
420221,Uae,0.0
420222,Uae,0.0
420229,Uae,0.0
420231,Uae,0.0
420232,Uae,0.0
420239,Uae,0.0
420291,Uae,0.0
420292,Uae,0.0
420299,Uae,0.0
420310,Uae,0.0
420321,Uae,0.0
420329,Uae,0.0
420330,Uae,0.0
420340,Uae,0.0
420500,Uae,0.0
420600,Uae,0.0
430110,Uae,0.0
430160,Uae,0.0
430180,Uae,0.0
430190,Uae,0.0
430211,Uae,0.0
430219,Uae,0.0
430220,Uae,0.0
430230,Uae,0.0
430310,Uae,0.0
430390,Uae,0.0
430400,Uae,0.0
440111,Uae,0.0
440112,Uae,0.0
440121,Uae,0.0
440122,Uae,0.0
440131,Uae,0.0
440132,Uae,0.0
440141,Uae,0.0
440149,Uae,0.0
440210,Uae,0.0
440220,Uae,0.0
440290,Uae,0.0
440311,Uae,0.0
440312,Uae,0.0
440321,Uae,0.0
440322,Uae,0.0
440323,Uae,0.0
440324,Uae,0.0
440325,Uae,0.0
440326,Uae,0.0
440341,Uae,0.0
440342,Uae,0.0
440349,Uae,0.0
440391,Uae,0.0
440393,Uae,0.0
440394,Uae,0.0
440395,Uae,0.0
440396,Uae,0.0
440397,Uae,0.0
440398,Uae,0.0
440399,Uae,0.0
440410,Uae,0.0
440420,Uae,0.0
440500,Uae,0.0
440611,Uae,0.0
440612,Uae,0.0
440691,Uae,0.0
440692,Uae,0.0
440711,Uae,0.0
440712,Uae,0.0
440713,Uae,0.0
440714,Uae,0.0
440719,Uae,0.0
440721,Uae,0.0
440722,Uae,0.0
440723,Uae,0.0
440725,Uae,0.0
440726,Uae,0.0
440727,Uae,0.0
440728,Uae,0.0
440729,Uae,0.0
440791,Uae,0.0
440792,Uae,0.0
440793,Uae,0.0
440794,Uae,0.0
440795,Uae,0.0
440796,Uae,0.0
440797,Uae,0.0
440799,Uae,0.0
440810,Uae,0.0
440831,Uae,0.0
440839,Uae,0.0
440890,Uae,0.0
440910,Uae,0.0
440921,Uae,0.0
440922,Uae,0.0
440929,Uae,0.0
441011,Uae,0.0
441012,Uae,0.0
441019,Uae,0.0
441090,Uae,0.0
441112,Uae,0.0
441113,Uae,0.0
441114,Uae,0.0
441192,Uae,0.0
441193,Uae,0.0
441194,Uae,0.0
441210,Uae,0.0
441231,Uae,0.0
441233,Uae,0.0
441234,Uae,0.0
441239,Uae,0.0
441241,Uae,0.0
441242,Uae,0.0
441249,Uae,0.0
441251,Uae,0.0
441252,Uae,0.0
441259,Uae,0.0
441291,Uae,0.0
441292,Uae,0.0
441299,Uae,0.0
441300,Uae,0.0
441410,Uae,0.0
441490,Uae,0.0
441510,Uae,0.0
441520,Uae,0.0
441600,Uae,0.0
441700,Uae,0.0
441811,Uae,0.0
441819,Uae,0.0
441821,Uae,0.0
441829,Uae,0.0
441830,Uae,0.0
441840,Uae,0.0
441850,Uae,0.0
441873,Uae,0.0
441874,Uae,0.0
441875,Uae,0.0
441879,Uae,0.0
441881,Uae,0.0
441882,Uae,0.0
441883,Uae,0.0
441889,Uae,0.0
441891,Uae,0.0
441892,Uae,0.0
441899,Uae,0.0
441911,Uae,0.0
441912,Uae,0.0
441919,Uae,0.0
441920,Uae,0.0
441990,Uae,0.0
442011,Uae,0.0
442019,Uae,0.0
442090,Uae,0.0
442110,Uae,0.0
442120,Uae,0.0
442191,Uae,0.0
442199,Uae,0.0
450110,Uae,0.0
450190,Uae,0.0
450200,Uae,0.0
450310,Uae,0.0
450390,Uae,0.0
450410,Uae,0.0
450490,Uae,0.0
460121,Uae,8.0
460122,Uae,8.0
460129,Uae,8.0
460192,Uae,8.0
460193,Uae,8.0
460194,Uae,8.0
460199,Uae,8.0
460211,Uae,8.0
460212,Uae,8.0
460219,Uae,8.0
460290,Uae,8.0
470100,Uae,0.0
470200,Uae,0.0
470311,Uae,0.0
470319,Uae,0.0
470321,Uae,0.0
470329,Uae,0.0
470411,Uae,0.0
470419,Uae,0.0
470421,Uae,0.0
470429,Uae,0.0
470500,Uae,0.0
470610,Uae,0.0
470620,Uae,0.0
470630,Uae,0.0
470691,Uae,0.0
470692,Uae,0.0
470693,Uae,0.0
470710,Uae,0.0
470720,Uae,0.0
470730,Uae,0.0
470790,Uae,0.0
480210,Uae,0.0
480220,Uae,8.0
480240,Uae,9.0
480254,Uae,9.0
480255,Uae,9.0
480256,Uae,9.0
480257,Uae,9.0
480258,Uae,9.0
480261,Uae,9.0
480262,Uae,9.0
480269,Uae,9.0
480300,Uae,9.0
480411,Uae,9.0
480419,Uae,9.0
480421,Uae,9.0
480429,Uae,9.0
480431,Uae,9.0
480439,Uae,9.0
480441,Uae,9.0
480442,Uae,9.0
480449,Uae,9.0
480451,Uae,9.0
480452,Uae,9.0
480459,Uae,9.0
480511,Uae,9.0
480512,Uae,9.0
480519,Uae,9.0
480524,Uae,9.0
480525,Uae,9.0
480530,Uae,9.0
480540,Uae,9.0
480550,Uae,9.0
480591,Uae,9.0
480592,Uae,9.0
480593,Uae,9.0
480610,Uae,0.0
480620,Uae,0.0
480630,Uae,0.0
480640,Uae,0.0
480700,Uae,0.0
480810,Uae,0.0
480840,Uae,0.0
480890,Uae,0.0
480920,Uae,0.0
480990,Uae,9.0
481014,Uae,9.0
481019,Uae,9.0
481022,Uae,9.0
481029,Uae,9.0
481031,Uae,9.0
481032,Uae,9.0
481039,Uae,9.0
481092,Uae,9.0
481099,Uae,9.0
481110,Uae,0.0
481141,Uae,8.0
481149,Uae,0.0
481151,Uae,0.0
481159,Uae,0.0
481160,Uae,0.0
481190,Uae,0.0
481200,Uae,0.0
481310,Uae,0.0
481320,Uae,0.0
481390,Uae,0.0
481420,Uae,0.0
481490,Uae,0.0
481620,Uae,0.0
481690,Uae,0.0
481720,Uae,0.0
481810,Uae,0.0
481820,Uae,0.0
481830,Uae,0.0
481850,Uae,0.0
481890,Uae,0.0
481910,Uae,0.0
481920,Uae,0.0
481930,Uae,0.0
481940,Uae,0.0
481950,Uae,0.0
481960,Uae,0.0
482010,Uae,0.0
482020,Uae,0.0
482030,Uae,0.0
482040,Uae,0.0
482050,Uae,0.0
482090,Uae,0.0
482210,Uae,0.0
482290,Uae,0.0
482320,Uae,0.0
482340,Uae,0.0
482370,Uae,0.0
482390,Uae,0.0
490110,Uae,0.0
490191,Uae,0.0
490199,Uae,0.0
490300,Uae,0.0
490700,Uae,0.0
490810,Uae,0.0
490890,Uae,0.0
490900,Uae,0.0
491000,Uae,0.0
491110,Uae,0.0
491191,Uae,0.0
491199,Uae,0.0
500100,Uae,0.0
500200,Uae,0.0
500300,Uae,0.0
500400,Uae,0.0
500500,Uae,0.0
500600,Uae,0.0
500710,Uae,0.0
500720,Uae,0.0
500790,Uae,0.0
510111,Uae,0.0
510119,Uae,0.0
510121,Uae,0.0
510129,Uae,0.0
510130,Uae,0.0
510211,Uae,0.0
510219,Uae,0.0
510220,Uae,0.0
510310,Uae,0.0
510320,Uae,0.0
510330,Uae,0.0
510400,Uae,0.0
510510,Uae,0.0
510521,Uae,0.0
510529,Uae,0.0
510531,Uae,0.0
510539,Uae,0.0
510540,Uae,0.0
510610,Uae,0.0
510620,Uae,0.0
510710,Uae,0.0
510720,Uae,0.0
510810,Uae,0.0
510820,Uae,0.0
510910,Uae,0.0
510990,Uae,0.0
511000,Uae,0.0
511111,Uae,0.0
511119,Uae,0.0
511120,Uae,0.0
511130,Uae,0.0
511190,Uae,0.0
511211,Uae,0.0
511219,Uae,0.0
511220,Uae,0.0
511230,Uae,0.0
511290,Uae,0.0
511300,Uae,0.0
520100,Uae,0.0
520210,Uae,0.0
520291,Uae,0.0
520299,Uae,0.0
520300,Uae,0.0
520411,Uae,0.0
520419,Uae,0.0
520420,Uae,0.0
520511,Uae,0.0
520512,Uae,0.0
520513,Uae,0.0
520514,Uae,0.0
520515,Uae,0.0
520521,Uae,0.0
520522,Uae,0.0
520523,Uae,0.0
520524,Uae,0.0
520526,Uae,0.0
520527,Uae,0.0
520528,Uae,0.0
520531,Uae,0.0
520532,Uae,0.0
520533,Uae,0.0
520534,Uae,0.0
520535,Uae,0.0
520541,Uae,0.0
520542,Uae,0.0
520543,Uae,0.0
520544,Uae,0.0
520546,Uae,0.0
520547,Uae,0.0
520548,Uae,0.0
520611,Uae,0.0
520612,Uae,0.0
520613,Uae,0.0
520614,Uae,0.0
520615,Uae,0.0
520621,Uae,0.0
520622,Uae,0.0
520623,Uae,0.0
520624,Uae,0.0
520625,Uae,0.0
520631,Uae,0.0
520632,Uae,0.0
520633,Uae,0.0
520634,Uae,0.0
520635,Uae,0.0
520641,Uae,0.0
520642,Uae,0.0
520643,Uae,0.0
520644,Uae,0.0
520645,Uae,0.0
520710,Uae,0.0
520790,Uae,0.0
520811,Uae,0.0
520812,Uae,0.0
520813,Uae,0.0
520819,Uae,0.0
520821,Uae,0.0
520822,Uae,0.0
520823,Uae,0.0
520829,Uae,0.0
520831,Uae,0.0
520832,Uae,0.0
520833,Uae,0.0
520839,Uae,0.0
520841,Uae,0.0
520842,Uae,0.0
520843,Uae,0.0
520849,Uae,0.0
520851,Uae,0.0
520852,Uae,0.0
520859,Uae,0.0
520911,Uae,0.0
520912,Uae,0.0
520919,Uae,0.0
520921,Uae,0.0
520922,Uae,0.0
520929,Uae,0.0
520931,Uae,0.0
520932,Uae,0.0
520939,Uae,0.0
520941,Uae,0.0
520942,Uae,0.0
520943,Uae,0.0
520949,Uae,0.0
520951,Uae,0.0
520952,Uae,0.0
520959,Uae,0.0
521011,Uae,0.0
521019,Uae,0.0
521021,Uae,0.0
521029,Uae,0.0
521031,Uae,0.0
521032,Uae,0.0
521039,Uae,0.0
521041,Uae,0.0
521049,Uae,0.0
521051,Uae,0.0
521059,Uae,0.0
521111,Uae,0.0
521112,Uae,0.0
521119,Uae,0.0
521120,Uae,0.0
521131,Uae,0.0
521132,Uae,0.0
521139,Uae,0.0
521141,Uae,0.0
521142,Uae,0.0
521143,Uae,0.0
521149,Uae,0.0
521151,Uae,0.0
521152,Uae,0.0
521159,Uae,0.0
521211,Uae,0.0
521212,Uae,0.0
521213,Uae,0.0
521214,Uae,0.0
521215,Uae,0.0
521221,Uae,0.0
521222,Uae,0.0
521223,Uae,0.0
521224,Uae,0.0
521225,Uae,0.0
530210,Uae,0.0
530290,Uae,0.0
530310,Uae,0.0
530390,Uae,0.0
530500,Uae,0.0
530610,Uae,0.0
530620,Uae,0.0
530710,Uae,0.0
530720,Uae,0.0
530810,Uae,0.0
530820,Uae,0.0
530890,Uae,0.0
530911,Uae,0.0
530919,Uae,0.0
530921,Uae,0.0
530929,Uae,0.0
531010,Uae,0.0
531090,Uae,0.0
531100,Uae,0.0
540110,Uae,0.0
540120,Uae,0.0
540211,Uae,0.0
540219,Uae,0.0
540220,Uae,0.0
540231,Uae,0.0
540232,Uae,0.0
540233,Uae,0.0
540234,Uae,0.0
540239,Uae,0.0
540244,Uae,0.0
540245,Uae,0.0
540246,Uae,0.0
540247,Uae,0.0
540248,Uae,0.0
540249,Uae,0.0
540251,Uae,0.0
540252,Uae,0.0
540253,Uae,0.0
540259,Uae,0.0
540261,Uae,0.0
540262,Uae,0.0
540263,Uae,0.0
540269,Uae,0.0
540310,Uae,0.0
540331,Uae,0.0
540332,Uae,0.0
540333,Uae,0.0
540339,Uae,0.0
540341,Uae,0.0
540342,Uae,0.0
540349,Uae,0.0
540411,Uae,0.0
540412,Uae,0.0
540419,Uae,0.0
540490,Uae,0.0
540500,Uae,0.0
540600,Uae,0.0
540710,Uae,0.0
540720,Uae,0.0
540730,Uae,0.0
540741,Uae,0.0
540742,Uae,0.0
540743,Uae,0.0
540744,Uae,0.0
540751,Uae,0.0
540752,Uae,0.0
540753,Uae,0.0
540754,Uae,0.0
540761,Uae,0.0
540769,Uae,0.0
540771,Uae,0.0
540772,Uae,0.0
540773,Uae,0.0
540774,Uae,0.0
540781,Uae,0.0
540782,Uae,0.0
540783,Uae,0.0
540784,Uae,0.0
540791,Uae,0.0
540792,Uae,0.0
540793,Uae,0.0
540794,Uae,0.0
540810,Uae,0.0
540821,Uae,0.0
540822,Uae,0.0
540823,Uae,0.0
540824,Uae,0.0
540831,Uae,0.0
540832,Uae,0.0
540833,Uae,0.0
540834,Uae,0.0
550111,Uae,0.0
550119,Uae,0.0
550120,Uae,0.0
550130,Uae,0.0
550140,Uae,0.0
550190,Uae,0.0
550210,Uae,0.0
550290,Uae,0.0
550311,Uae,0.0
550319,Uae,0.0
550320,Uae,0.0
550330,Uae,0.0
550340,Uae,0.0
550390,Uae,0.0
550410,Uae,0.0
550490,Uae,0.0
550510,Uae,0.0
550520,Uae,0.0
550610,Uae,0.0
550620,Uae,0.0
550630,Uae,0.0
550640,Uae,0.0
550690,Uae,0.0
550700,Uae,0.0
550810,Uae,0.0
550820,Uae,0.0
550911,Uae,0.0
550912,Uae,0.0
550921,Uae,0.0
550922,Uae,0.0
550931,Uae,0.0
550932,Uae,0.0
550941,Uae,0.0
550942,Uae,0.0
550951,Uae,0.0
550952,Uae,0.0
550953,Uae,0.0
550959,Uae,0.0
550961,Uae,0.0
550962,Uae,0.0
550969,Uae,0.0
550991,Uae,0.0
550992,Uae,0.0
550999,Uae,0.0
551011,Uae,0.0
551012,Uae,0.0
551020,Uae,0.0
551030,Uae,0.0
551090,Uae,0.0
551110,Uae,0.0
551120,Uae,0.0
551130,Uae,0.0
551211,Uae,0.0
551219,Uae,0.0
551221,Uae,0.0
551229,Uae,0.0
551291,Uae,0.0
551299,Uae,0.0
551311,Uae,0.0
551312,Uae,0.0
551313,Uae,0.0
551319,Uae,0.0
551321,Uae,0.0
551323,Uae,0.0
551329,Uae,0.0
551331,Uae,0.0
551339,Uae,0.0
551341,Uae,0.0
551349,Uae,0.0
551411,Uae,0.0
551412,Uae,0.0
551419,Uae,0.0
551421,Uae,0.0
551422,Uae,0.0
551423,Uae,0.0
551429,Uae,0.0
551430,Uae,0.0
551441,Uae,0.0
551442,Uae,0.0
551443,Uae,0.0
551449,Uae,0.0
551511,Uae,0.0
551512,Uae,0.0
551513,Uae,0.0
551519,Uae,0.0
551521,Uae,0.0
551522,Uae,0.0
551529,Uae,0.0
551591,Uae,0.0
551599,Uae,0.0
551611,Uae,0.0
551612,Uae,0.0
551613,Uae,0.0
551614,Uae,0.0
551621,Uae,0.0
551622,Uae,0.0
551623,Uae,0.0
551624,Uae,0.0
551631,Uae,0.0
551632,Uae,0.0
551633,Uae,0.0
551634,Uae,0.0
551641,Uae,0.0
551642,Uae,0.0
551643,Uae,0.0
551644,Uae,0.0
551691,Uae,0.0
551692,Uae,0.0
551693,Uae,0.0
551694,Uae,0.0
560121,Uae,0.0
560122,Uae,0.0
560129,Uae,0.0
560130,Uae,0.0
560210,Uae,0.0
560221,Uae,0.0
560229,Uae,0.0
560290,Uae,0.0
560311,Uae,0.0
560312,Uae,0.0
560313,Uae,0.0
560314,Uae,0.0
560391,Uae,0.0
560392,Uae,0.0
560393,Uae,0.0
560394,Uae,0.0
560410,Uae,0.0
560490,Uae,0.0
560500,Uae,0.0
560600,Uae,0.0
560721,Uae,0.0
560729,Uae,0.0
560741,Uae,0.0
560749,Uae,0.0
560750,Uae,0.0
560790,Uae,0.0
560811,Uae,0.0
560819,Uae,0.0
560890,Uae,0.0
560900,Uae,0.0
570110,Uae,0.0
570190,Uae,0.0
570210,Uae,0.0
570220,Uae,0.0
570231,Uae,0.0
570232,Uae,0.0
570239,Uae,0.0
570241,Uae,0.0
570242,Uae,0.0
570249,Uae,0.0
570250,Uae,0.0
570291,Uae,0.0
570292,Uae,0.0
570299,Uae,0.0
570310,Uae,0.0
570321,Uae,0.0
570329,Uae,0.0
570331,Uae,0.0
570339,Uae,0.0
570390,Uae,0.0
570410,Uae,0.0
570420,Uae,0.0
570490,Uae,0.0
570500,Uae,0.0
580110,Uae,0.0
580121,Uae,0.0
580122,Uae,0.0
580123,Uae,0.0
580126,Uae,0.0
580127,Uae,0.0
580131,Uae,0.0
580132,Uae,0.0
580133,Uae,0.0
580136,Uae,0.0
580137,Uae,0.0
580190,Uae,0.0
580210,Uae,0.0
580220,Uae,0.0
580230,Uae,0.0
580300,Uae,0.0
580410,Uae,0.0
580421,Uae,0.0
580429,Uae,0.0
580430,Uae,0.0
580500,Uae,0.0
580610,Uae,0.0
580620,Uae,0.0
580631,Uae,0.0
580632,Uae,0.0
580639,Uae,0.0
580640,Uae,0.0
580710,Uae,0.0
580790,Uae,0.0
580810,Uae,0.0
580890,Uae,0.0
580900,Uae,0.0
581010,Uae,0.0
581091,Uae,0.0
581092,Uae,0.0
581099,Uae,0.0
581100,Uae,0.0
590110,Uae,0.0
590190,Uae,0.0
590210,Uae,0.0
590220,Uae,0.0
590290,Uae,0.0
590310,Uae,0.0
590320,Uae,0.0
590390,Uae,0.0
590410,Uae,0.0
590490,Uae,0.0
590500,Uae,0.0
590610,Uae,0.0
590691,Uae,0.0
590699,Uae,0.0
590700,Uae,0.0
590800,Uae,0.0
590900,Uae,0.0
591000,Uae,0.0
591110,Uae,0.0
591120,Uae,0.0
591131,Uae,0.0
591132,Uae,0.0
591140,Uae,0.0
591190,Uae,0.0
600110,Uae,0.0
600121,Uae,0.0
600122,Uae,0.0
600129,Uae,0.0
600191,Uae,0.0
600192,Uae,0.0
600199,Uae,0.0
600240,Uae,0.0
600290,Uae,0.0
600310,Uae,0.0
600320,Uae,0.0
600330,Uae,0.0
600340,Uae,0.0
600390,Uae,0.0
600410,Uae,0.0
600490,Uae,0.0
600521,Uae,0.0
600522,Uae,0.0
600523,Uae,0.0
600524,Uae,0.0
600535,Uae,0.0
600536,Uae,0.0
600537,Uae,0.0
600538,Uae,0.0
600539,Uae,0.0
600541,Uae,0.0
600542,Uae,0.0
600543,Uae,0.0
600544,Uae,0.0
600590,Uae,0.0
600610,Uae,0.0
600621,Uae,0.0
600622,Uae,0.0
600623,Uae,0.0
600624,Uae,0.0
600631,Uae,0.0
600632,Uae,0.0
600633,Uae,0.0
600634,Uae,0.0
600641,Uae,0.0
600642,Uae,0.0
600643,Uae,0.0
600644,Uae,0.0
600690,Uae,0.0
610120,Uae,0.0
610130,Uae,0.0
610190,Uae,0.0
610210,Uae,0.0
610220,Uae,0.0
610230,Uae,0.0
610290,Uae,0.0
610310,Uae,0.0
610322,Uae,0.0
610323,Uae,0.0
610329,Uae,0.0
610331,Uae,0.0
610332,Uae,0.0
610333,Uae,0.0
610339,Uae,0.0
610341,Uae,0.0
610342,Uae,0.0
610343,Uae,0.0
610349,Uae,0.0
610413,Uae,0.0
610419,Uae,0.0
610422,Uae,0.0
610423,Uae,0.0
610429,Uae,0.0
610431,Uae,0.0
610432,Uae,0.0
610433,Uae,0.0
610439,Uae,0.0
610441,Uae,0.0
610442,Uae,0.0
610443,Uae,0.0
610444,Uae,0.0
610449,Uae,0.0
610451,Uae,0.0
610452,Uae,0.0
610453,Uae,0.0
610459,Uae,0.0
610461,Uae,0.0
610462,Uae,0.0
610463,Uae,0.0
610469,Uae,0.0
610510,Uae,0.0
610520,Uae,0.0
610590,Uae,0.0
610610,Uae,0.0
610620,Uae,0.0
610690,Uae,0.0
610711,Uae,0.0
610712,Uae,0.0
610719,Uae,0.0
610721,Uae,0.0
610722,Uae,0.0
610729,Uae,0.0
610791,Uae,0.0
610799,Uae,0.0
610811,Uae,0.0
610819,Uae,0.0
610821,Uae,0.0
610822,Uae,0.0
610829,Uae,0.0
610831,Uae,0.0
610832,Uae,0.0
610839,Uae,0.0
610891,Uae,0.0
610892,Uae,0.0
610899,Uae,0.0
610910,Uae,0.0
610990,Uae,0.0
611011,Uae,0.0
611012,Uae,0.0
611019,Uae,0.0
611020,Uae,0.0
611030,Uae,0.0
611090,Uae,0.0
611120,Uae,0.0
611130,Uae,0.0
611190,Uae,0.0
611211,Uae,0.0
611212,Uae,0.0
611219,Uae,0.0
611220,Uae,0.0
611231,Uae,0.0
611239,Uae,0.0
611241,Uae,0.0
611249,Uae,0.0
611300,Uae,0.0
611420,Uae,0.0
611430,Uae,0.0
611490,Uae,0.0
611510,Uae,0.0
611521,Uae,0.0
611522,Uae,0.0
611529,Uae,0.0
611530,Uae,0.0
611594,Uae,0.0
611595,Uae,0.0
611596,Uae,0.0
611599,Uae,0.0
611610,Uae,0.0
611691,Uae,0.0
611692,Uae,0.0
611693,Uae,0.0
611699,Uae,0.0
611710,Uae,0.0
611780,Uae,0.0
611790,Uae,0.0
620120,Uae,0.0
620130,Uae,0.0
620140,Uae,0.0
620190,Uae,0.0
620220,Uae,0.0
620230,Uae,0.0
620240,Uae,0.0
620290,Uae,0.0
620311,Uae,0.0
620312,Uae,0.0
620319,Uae,0.0
620322,Uae,0.0
620323,Uae,0.0
620329,Uae,0.0
620331,Uae,0.0
620332,Uae,0.0
620333,Uae,0.0
620339,Uae,0.0
620341,Uae,0.0
620342,Uae,0.0
620343,Uae,0.0
620349,Uae,0.0
620411,Uae,0.0
620412,Uae,0.0
620413,Uae,0.0
620419,Uae,0.0
620421,Uae,0.0
620422,Uae,0.0
620423,Uae,0.0
620429,Uae,0.0
620431,Uae,0.0
620432,Uae,0.0
620433,Uae,0.0
620439,Uae,0.0
620441,Uae,0.0
620442,Uae,0.0
620443,Uae,0.0
620444,Uae,0.0
620449,Uae,0.0
620451,Uae,0.0
620452,Uae,0.0
620453,Uae,0.0
620459,Uae,0.0
620461,Uae,0.0
620462,Uae,0.0
620463,Uae,0.0
620469,Uae,0.0
620520,Uae,0.0
620530,Uae,0.0
620590,Uae,0.0
620610,Uae,0.0
620620,Uae,0.0
620630,Uae,0.0
620640,Uae,0.0
620690,Uae,0.0
620711,Uae,0.0
620719,Uae,0.0
620721,Uae,0.0
620722,Uae,0.0
620729,Uae,0.0
620791,Uae,0.0
620799,Uae,0.0
620811,Uae,0.0
620819,Uae,0.0
620821,Uae,0.0
620822,Uae,0.0
620829,Uae,0.0
620891,Uae,0.0
620892,Uae,0.0
620899,Uae,0.0
620920,Uae,0.0
620930,Uae,0.0
620990,Uae,0.0
621010,Uae,0.0
621020,Uae,0.0
621030,Uae,0.0
621040,Uae,0.0
621050,Uae,0.0
621111,Uae,0.0
621112,Uae,0.0
621120,Uae,0.0
621132,Uae,0.0
621133,Uae,0.0
621139,Uae,0.0
621142,Uae,0.0
621143,Uae,0.0
621149,Uae,0.0
621210,Uae,0.0
621220,Uae,0.0
621230,Uae,0.0
621290,Uae,0.0
621320,Uae,0.0
621390,Uae,0.0
621410,Uae,0.0
621420,Uae,0.0
621430,Uae,0.0
621440,Uae,0.0
621490,Uae,0.0
621510,Uae,0.0
621520,Uae,0.0
621590,Uae,0.0
621600,Uae,0.0
621710,Uae,0.0
621790,Uae,0.0
630110,Uae,0.0
630120,Uae,0.0
630130,Uae,0.0
630140,Uae,0.0
630190,Uae,0.0
630210,Uae,0.0
630221,Uae,0.0
630222,Uae,0.0
630229,Uae,0.0
630231,Uae,0.0
630232,Uae,0.0
630239,Uae,0.0
630240,Uae,0.0
630251,Uae,0.0
630253,Uae,0.0
630259,Uae,0.0
630260,Uae,0.0
630291,Uae,0.0
630293,Uae,0.0
630299,Uae,0.0
630312,Uae,0.0
630319,Uae,0.0
630391,Uae,0.0
630392,Uae,0.0
630399,Uae,0.0
630411,Uae,0.0
630419,Uae,0.0
630420,Uae,0.0
630491,Uae,0.0
630492,Uae,0.0
630493,Uae,0.0
630499,Uae,0.0
630510,Uae,0.0
630520,Uae,0.0
630532,Uae,0.0
630533,Uae,0.0
630539,Uae,0.0
630590,Uae,0.0
630612,Uae,0.0
630619,Uae,0.0
630622,Uae,0.0
630629,Uae,0.0
630630,Uae,0.0
630640,Uae,0.0
630690,Uae,0.0
630710,Uae,0.0
630720,Uae,0.0
630790,Uae,0.0
630800,Uae,0.0
630900,Uae,0.0
631010,Uae,0.0
631090,Uae,0.0
640312,Uae,30.0
640320,Uae,30.0
640351,Uae,30.0
640359,Uae,30.0
640391,Uae,0.0
640399,Uae,0.0
640420,Uae,30.0
640510,Uae,30.0
640520,Uae,30.0
640590,Uae,30.0
640610,Uae,16.0
640620,Uae,16.0
640690,Uae,16.0
650100,Uae,0.0
650200,Uae,0.0
650400,Uae,0.0
650500,Uae,0.0
650610,Uae,0.0
650691,Uae,0.0
650699,Uae,0.0
650700,Uae,0.0
660110,Uae,0.0
660191,Uae,0.0
660199,Uae,0.0
660200,Uae,0.0
660320,Uae,0.0
660390,Uae,0.0
670100,Uae,0.0
670210,Uae,0.0
670290,Uae,0.0
670300,Uae,0.0
670411,Uae,0.0
670419,Uae,0.0
670420,Uae,0.0
670490,Uae,0.0
680100,Uae,0.0
680210,Uae,32.0
680223,Uae,0.0
680229,Uae,0.0
680291,Uae,0.0
680292,Uae,0.0
680293,Uae,0.0
680299,Uae,0.0
680300,Uae,0.0
680410,Uae,0.0
680421,Uae,0.0
680422,Uae,0.0
680423,Uae,0.0
680430,Uae,0.0
680510,Uae,0.0
680520,Uae,0.0
680530,Uae,0.0
680610,Uae,0.0
680620,Uae,0.0
680690,Uae,0.0
680710,Uae,0.0
680790,Uae,0.0
680800,Uae,0.0
680911,Uae,0.0
680919,Uae,0.0
680990,Uae,0.0
681011,Uae,9.0
681019,Uae,9.0
681091,Uae,9.0
681099,Uae,9.0
681140,Uae,9.0
681181,Uae,9.0
681182,Uae,9.0
681189,Uae,9.0
681280,Uae,9.0
681291,Uae,9.0
681299,Uae,9.0
681320,Uae,0.0
681381,Uae,12.0
681410,Uae,0.0
681490,Uae,0.0
681511,Uae,0.0
681512,Uae,0.0
681513,Uae,0.0
681519,Uae,0.0
681520,Uae,0.0
681591,Uae,0.0
681599,Uae,0.0
690100,Uae,0.0
690210,Uae,0.0
690220,Uae,0.0
690290,Uae,0.0
690320,Uae,0.0
690390,Uae,0.0
690410,Uae,9.0
690490,Uae,9.0
690510,Uae,13.5
690590,Uae,13.5
690600,Uae,9.0
690721,Uae,13.5
690722,Uae,13.5
690723,Uae,13.5
690730,Uae,13.5
690740,Uae,13.5
690911,Uae,9.0
690912,Uae,9.0
690919,Uae,9.0
690990,Uae,9.0
691010,Uae,9.0
691090,Uae,9.0
691110,Uae,18.0
691190,Uae,13.5
691200,Uae,16.2
691310,Uae,8.0
691390,Uae,8.0
691410,Uae,8.0
691490,Uae,8.0
700100,Uae,0.0
700210,Uae,0.0
700220,Uae,0.0
700231,Uae,0.0
700232,Uae,0.0
700239,Uae,0.0
700312,Uae,0.0
700319,Uae,0.0
700320,Uae,0.0
700330,Uae,0.0
700420,Uae,0.0
700490,Uae,0.0
700510,Uae,9.0
700521,Uae,9.0
700529,Uae,9.0
700530,Uae,0.0
700600,Uae,0.0
700711,Uae,0.0
700721,Uae,9.0
700729,Uae,9.0
700800,Uae,0.0
700910,Uae,13.5
700991,Uae,0.0
701010,Uae,0.0
701020,Uae,0.0
701090,Uae,0.0
701110,Uae,0.0
701120,Uae,0.0
701190,Uae,0.0
701310,Uae,0.0
701322,Uae,0.0
701328,Uae,0.0
701333,Uae,0.0
701337,Uae,0.0
701341,Uae,0.0
701342,Uae,0.0
701349,Uae,18.0
701391,Uae,0.0
701399,Uae,0.0
701400,Uae,0.0
701510,Uae,0.0
701590,Uae,0.0
701610,Uae,0.0
701690,Uae,0.0
701710,Uae,0.0
701720,Uae,0.0
701790,Uae,0.0
701810,Uae,0.0
701820,Uae,0.0
701890,Uae,0.0
701911,Uae,0.0
701912,Uae,0.0
701913,Uae,0.0
701914,Uae,0.0
701915,Uae,0.0
701919,Uae,0.0
701961,Uae,0.0
701962,Uae,0.0
701963,Uae,0.0
701964,Uae,0.0
701965,Uae,0.0
701966,Uae,0.0
701969,Uae,0.0
701971,Uae,0.0
701972,Uae,0.0
701973,Uae,0.0
701980,Uae,0.0
701990,Uae,0.0
702000,Uae,0.0
710110,Uae,0.0
710121,Uae,0.0
710122,Uae,0.0
710210,Uae,0.0
710221,Uae,0.0
710229,Uae,7.0
710231,Uae,0.0
710239,Uae,7.0
710310,Uae,0.0
710391,Uae,7.0
710399,Uae,7.0
710410,Uae,0.0
710421,Uae,0.0
710429,Uae,0.0
710491,Uae,0.0
710510,Uae,9.0
710590,Uae,9.0
710610,Uae,7.0
710691,Uae,7.0
710692,Uae,7.0
710700,Uae,9.5
710900,Uae,9.5
711011,Uae,9.5
711019,Uae,9.5
711021,Uae,9.5
711029,Uae,9.5
711041,Uae,9.5
711049,Uae,9.5
711100,Uae,9.5
711230,Uae,0.0
711291,Uae,0.0
711292,Uae,0.0
711299,Uae,0.0
720110,Uae,0.0
720120,Uae,0.0
720150,Uae,0.0
720211,Uae,0.0
720219,Uae,0.0
720221,Uae,0.0
720229,Uae,0.0
720230,Uae,0.0
720241,Uae,0.0
720249,Uae,0.0
720250,Uae,0.0
720260,Uae,0.0
720270,Uae,0.0
720280,Uae,0.0
720291,Uae,0.0
720292,Uae,0.0
720293,Uae,0.0
720299,Uae,0.0
720310,Uae,0.0
720510,Uae,0.0
720521,Uae,0.0
720529,Uae,0.0
720610,Uae,0.0
720690,Uae,0.0
720711,Uae,0.0
720712,Uae,0.0
720719,Uae,0.0
720720,Uae,0.0
720810,Uae,0.0
720825,Uae,0.0
720826,Uae,0.0
720827,Uae,0.0
720836,Uae,7.0
720837,Uae,7.0
720838,Uae,0.0
720839,Uae,0.0
720840,Uae,0.0
720851,Uae,7.0
720852,Uae,7.0
720853,Uae,7.0
720854,Uae,0.0
720890,Uae,7.0
720915,Uae,0.0
720916,Uae,7.0
720917,Uae,7.0
720918,Uae,0.0
720925,Uae,0.0
720926,Uae,7.0
720927,Uae,7.0
720928,Uae,0.0
720990,Uae,7.0
721011,Uae,7.0
721012,Uae,7.0
721020,Uae,0.0
721030,Uae,7.0
721041,Uae,7.0
721049,Uae,7.0
721050,Uae,7.0
721061,Uae,7.0
721069,Uae,7.0
721070,Uae,7.0
721090,Uae,7.0
721113,Uae,7.0
721114,Uae,7.0
721119,Uae,7.0
721123,Uae,7.0
721129,Uae,0.0
721190,Uae,5.25
721210,Uae,7.0
721220,Uae,7.0
721230,Uae,7.0
721240,Uae,7.0
721250,Uae,7.0
721260,Uae,7.0
721310,Uae,6.75
721320,Uae,6.75
721391,Uae,6.75
721399,Uae,6.75
721410,Uae,6.75
721420,Uae,6.75
721430,Uae,6.75
721510,Uae,0.0
721550,Uae,0.0
721590,Uae,0.0
721610,Uae,7.0
721621,Uae,7.0
721622,Uae,7.0
721631,Uae,6.75
721632,Uae,6.75
721633,Uae,6.75
721640,Uae,6.75
721650,Uae,7.0
721661,Uae,6.75
721669,Uae,7.0
721691,Uae,7.0
721699,Uae,5.6
721710,Uae,0.0
721720,Uae,7.0
721730,Uae,7.0
721790,Uae,0.88
721810,Uae,7.0
721891,Uae,7.0
721899,Uae,7.0
721911,Uae,7.0
721912,Uae,7.0
721913,Uae,7.0
721914,Uae,6.75
721921,Uae,7.0
721922,Uae,6.75
721923,Uae,7.0
721924,Uae,7.0
721931,Uae,7.0
721932,Uae,7.0
721933,Uae,7.0
721934,Uae,7.0
721935,Uae,7.0
721990,Uae,7.0
722011,Uae,7.0
722012,Uae,7.0
722020,Uae,7.0
722090,Uae,7.0
722100,Uae,7.0
722211,Uae,7.0
722219,Uae,7.0
722220,Uae,7.0
722230,Uae,7.0
722240,Uae,7.0
722300,Uae,7.0
722410,Uae,7.0
722490,Uae,7.0
722519,Uae,7.0
722530,Uae,3.5
722540,Uae,4.67
722550,Uae,2.33
722591,Uae,7.0
722592,Uae,7.0
722599,Uae,7.0
722619,Uae,0.0
722620,Uae,0.0
722691,Uae,1.75
722692,Uae,2.33
722699,Uae,0.0
722710,Uae,6.75
722720,Uae,6.75
722790,Uae,6.75
722810,Uae,0.0
722820,Uae,0.0
722830,Uae,4.82
722840,Uae,7.0
722850,Uae,7.0
722860,Uae,7.0
722870,Uae,7.0
722880,Uae,7.0
722920,Uae,0.0
722990,Uae,0.32
730110,Uae,8.0
730120,Uae,9.25
730210,Uae,9.0
730230,Uae,9.0
730240,Uae,9.0
730290,Uae,9.0
730300,Uae,0.0
730411,Uae,9.0
730419,Uae,0.0
730422,Uae,9.0
730423,Uae,9.0
730424,Uae,0.0
730429,Uae,0.0
730431,Uae,0.0
730439,Uae,0.0
730441,Uae,0.0
730449,Uae,9.0
730451,Uae,9.0
730459,Uae,9.0
730490,Uae,9.0
730511,Uae,0.0
730512,Uae,6.75
730519,Uae,9.0
730520,Uae,0.0
730531,Uae,0.0
730539,Uae,0.0
730590,Uae,0.0
730611,Uae,9.0
730619,Uae,0.0
730621,Uae,9.0
730629,Uae,9.0
730630,Uae,0.0
730640,Uae,0.0
730650,Uae,0.0
730661,Uae,0.0
730669,Uae,0.0
730690,Uae,0.0
730711,Uae,9.5
730719,Uae,9.5
730721,Uae,9.5
730722,Uae,9.0
730723,Uae,9.0
730791,Uae,9.5
730792,Uae,9.5
730793,Uae,9.5
730799,Uae,9.5
730810,Uae,0.0
730820,Uae,0.0
730830,Uae,0.0
730840,Uae,0.0
730890,Uae,0.0
730900,Uae,0.0
731010,Uae,0.0
731021,Uae,0.0
731029,Uae,0.0
731100,Uae,0.0
731210,Uae,0.0
731290,Uae,0.0
731300,Uae,0.0
731412,Uae,0.0
731414,Uae,0.0
731419,Uae,0.0
731420,Uae,0.0
731431,Uae,0.0
731439,Uae,0.0
731441,Uae,0.0
731442,Uae,0.0
731449,Uae,0.0
731450,Uae,0.0
731511,Uae,0.0
731512,Uae,0.0
731519,Uae,0.0
731520,Uae,0.0
731581,Uae,0.0
731582,Uae,0.0
731589,Uae,0.0
731590,Uae,0.0
731600,Uae,0.0
731700,Uae,0.0
731811,Uae,0.0
731812,Uae,0.0
731813,Uae,0.0
731814,Uae,0.0
731815,Uae,0.0
731816,Uae,0.0
731819,Uae,0.0
731821,Uae,0.0
731822,Uae,0.0
731823,Uae,0.0
731824,Uae,0.0
731829,Uae,0.0
731940,Uae,0.0
731990,Uae,0.0
732010,Uae,0.0
732020,Uae,0.0
732090,Uae,0.0
732111,Uae,0.0
732112,Uae,0.0
732119,Uae,0.0
732181,Uae,0.0
732182,Uae,0.0
732189,Uae,0.0
732190,Uae,0.0
732211,Uae,0.0
732219,Uae,0.0
732290,Uae,0.0
732310,Uae,0.0
732391,Uae,0.0
732392,Uae,0.0
732393,Uae,0.0
732394,Uae,0.0
732399,Uae,0.0
732410,Uae,0.0
732421,Uae,0.0
732429,Uae,0.0
732490,Uae,0.0
732510,Uae,0.0
732591,Uae,0.0
732599,Uae,0.0
732611,Uae,0.0
732619,Uae,0.0
732620,Uae,0.0
732690,Uae,0.0
740100,Uae,0.0
740200,Uae,4.25
740311,Uae,4.5
740312,Uae,4.0
740313,Uae,4.0
740319,Uae,4.0
740321,Uae,4.0
740322,Uae,4.0
740329,Uae,4.0
740400,Uae,0.5
740500,Uae,0.0
740610,Uae,0.0
740620,Uae,0.0
740710,Uae,4.5
740721,Uae,0.0
740729,Uae,0.0
740821,Uae,0.0
740822,Uae,0.0
740829,Uae,0.0
740911,Uae,0.0
740919,Uae,0.0
740921,Uae,0.0
740929,Uae,0.0
740931,Uae,0.0
740939,Uae,0.0
740940,Uae,0.0
740990,Uae,0.0
741011,Uae,0.0
741012,Uae,0.0
741021,Uae,0.0
741022,Uae,0.0
741110,Uae,0.0
741121,Uae,0.0
741122,Uae,0.0
741129,Uae,0.0
741210,Uae,0.0
741220,Uae,0.0
741300,Uae,0.0
741510,Uae,0.0
741521,Uae,0.0
741529,Uae,0.0
741533,Uae,0.0
741539,Uae,0.0
741810,Uae,0.0
741820,Uae,0.0
741920,Uae,0.0
741980,Uae,0.0
760110,Uae,6.15
760120,Uae,6.3
760200,Uae,0.0
760320,Uae,0.0
760410,Uae,6.19
760421,Uae,6.0
760429,Uae,6.0
760511,Uae,6.75
760519,Uae,6.0
760521,Uae,6.0
760529,Uae,6.0
760611,Uae,6.0
760612,Uae,6.0
760691,Uae,6.0
760692,Uae,6.0
760711,Uae,6.0
760719,Uae,6.0
760720,Uae,6.0
760810,Uae,8.0
760820,Uae,8.0
760900,Uae,8.0
761010,Uae,8.0
761090,Uae,8.0
761100,Uae,8.0
761210,Uae,8.0
761290,Uae,8.0
761300,Uae,8.0
761410,Uae,8.0
761490,Uae,8.0
761510,Uae,16.0
761520,Uae,8.0
761610,Uae,8.0
761691,Uae,8.0
761699,Uae,8.0
780110,Uae,4.0
780191,Uae,4.0
780199,Uae,4.0
780200,Uae,4.0
780411,Uae,0.0
780419,Uae,0.0
780420,Uae,0.0
780600,Uae,0.0
790111,Uae,4.0
790112,Uae,4.0
790120,Uae,6.0
790200,Uae,4.0
790310,Uae,4.0
790390,Uae,4.0
790400,Uae,0.0
790500,Uae,0.0
790700,Uae,0.0
800110,Uae,0.0
800120,Uae,0.0
800200,Uae,0.0
800300,Uae,0.0
800700,Uae,0.0
810110,Uae,0.0
810194,Uae,0.0
810196,Uae,0.0
810197,Uae,0.0
810199,Uae,0.0
810210,Uae,0.0
810294,Uae,0.0
810295,Uae,0.0
810296,Uae,0.0
810297,Uae,0.0
810299,Uae,0.0
810320,Uae,0.0
810330,Uae,0.0
810391,Uae,0.0
810399,Uae,0.0
810411,Uae,4.0
810419,Uae,4.0
810420,Uae,0.0
810430,Uae,4.0
810490,Uae,0.0
810520,Uae,3.33
810530,Uae,0.0
810590,Uae,8.0
810610,Uae,0.0
810690,Uae,0.0
810820,Uae,0.0
810830,Uae,0.0
810890,Uae,6.5
810921,Uae,0.0
810929,Uae,0.0
810931,Uae,0.0
810939,Uae,0.0
810991,Uae,0.0
810999,Uae,0.0
811010,Uae,0.0
811020,Uae,0.0
811090,Uae,0.0
811100,Uae,2.25
811212,Uae,0.0
811213,Uae,0.0
811219,Uae,0.0
811221,Uae,4.0
811222,Uae,0.0
811229,Uae,0.0
811231,Uae,0.0
811239,Uae,8.0
811241,Uae,0.0
811249,Uae,8.0
811251,Uae,0.0
811252,Uae,0.0
811259,Uae,0.0
811261,Uae,0.0
811269,Uae,2.67
811292,Uae,0.0
811299,Uae,8.0
811300,Uae,4.0
820110,Uae,8.0
820130,Uae,8.0
820140,Uae,8.0
820150,Uae,8.0
820160,Uae,8.0
820190,Uae,8.0
820210,Uae,8.0
820220,Uae,8.0
820231,Uae,8.0
820239,Uae,8.0
820240,Uae,8.0
820291,Uae,8.0
820299,Uae,8.0
820310,Uae,8.0
820320,Uae,8.0
820330,Uae,8.0
820340,Uae,8.0
820411,Uae,8.0
820412,Uae,8.0
820420,Uae,8.0
820510,Uae,8.0
820520,Uae,8.0
820530,Uae,8.0
820540,Uae,8.0
820551,Uae,8.0
820559,Uae,8.0
820560,Uae,8.0
820570,Uae,8.0
820590,Uae,8.0
820600,Uae,8.0
820713,Uae,8.0
820719,Uae,8.0
820720,Uae,8.0
820730,Uae,8.0
820740,Uae,8.0
820750,Uae,8.0
820760,Uae,8.0
820770,Uae,8.0
820780,Uae,8.0
820790,Uae,8.0
820810,Uae,8.0
820820,Uae,8.0
820830,Uae,8.0
820840,Uae,8.0
820890,Uae,8.0
820900,Uae,8.0
821000,Uae,8.0
821110,Uae,8.0
821191,Uae,8.0
821192,Uae,8.0
821193,Uae,8.0
821194,Uae,8.0
821195,Uae,8.0
821210,Uae,8.0
821220,Uae,8.0
821290,Uae,8.0
821300,Uae,8.0
821410,Uae,8.0
821420,Uae,8.0
821490,Uae,8.0
821510,Uae,8.0
821520,Uae,8.0
821591,Uae,8.0
821599,Uae,8.0
830110,Uae,16.0
830130,Uae,16.0
830140,Uae,16.0
830150,Uae,16.0
830160,Uae,16.0
830170,Uae,16.0
830210,Uae,12.0
830220,Uae,12.0
830230,Uae,12.0
830241,Uae,12.0
830242,Uae,12.0
830249,Uae,12.0
830250,Uae,12.0
830260,Uae,12.0
830300,Uae,8.0
830400,Uae,16.0
830510,Uae,16.0
830520,Uae,16.0
830590,Uae,16.0
830610,Uae,16.0
830621,Uae,16.0
830629,Uae,16.0
830630,Uae,16.0
830710,Uae,8.0
830790,Uae,8.0
830810,Uae,8.0
830820,Uae,8.0
830890,Uae,8.0
830910,Uae,8.0
830990,Uae,8.0
831000,Uae,16.0
831110,Uae,8.0
831120,Uae,8.0
831130,Uae,8.0
831190,Uae,8.0
840110,Uae,0.0
840120,Uae,0.0
840130,Uae,0.0
840140,Uae,0.0
840211,Uae,0.0
840212,Uae,0.0
840219,Uae,0.0
840220,Uae,0.0
840290,Uae,0.0
840310,Uae,0.0
840390,Uae,0.0
840410,Uae,0.0
840420,Uae,0.0
840490,Uae,0.0
840510,Uae,0.0
840590,Uae,0.0
840610,Uae,0.0
840681,Uae,0.0
840682,Uae,0.0
840690,Uae,0.0
840710,Uae,0.0
840721,Uae,0.0
840729,Uae,0.0
840731,Uae,0.0
840790,Uae,0.0
840890,Uae,7.0
840910,Uae,0.0
841011,Uae,0.0
841012,Uae,0.0
841013,Uae,0.0
841090,Uae,0.0
841111,Uae,0.0
841112,Uae,6.0
841121,Uae,0.0
841122,Uae,0.0
841181,Uae,0.0
841182,Uae,0.0
841191,Uae,0.0
841199,Uae,0.0
841210,Uae,0.0
841221,Uae,0.0
841229,Uae,0.0
841231,Uae,0.0
841239,Uae,0.0
841280,Uae,0.0
841290,Uae,6.0
841311,Uae,0.0
841319,Uae,0.0
841320,Uae,0.0
841340,Uae,0.0
841350,Uae,0.0
841360,Uae,0.0
841370,Uae,6.0
841381,Uae,0.0
841382,Uae,0.0
841391,Uae,0.0
841392,Uae,0.0
841410,Uae,0.0
841420,Uae,0.0
841430,Uae,0.0
841440,Uae,1.75
841451,Uae,14.67
841459,Uae,10.0
841460,Uae,7.0
841470,Uae,7.0
841480,Uae,8.0
841490,Uae,0.0
841510,Uae,18.0
841520,Uae,18.0
841581,Uae,18.0
841582,Uae,18.0
841583,Uae,18.0
841590,Uae,9.5
841610,Uae,0.0
841620,Uae,6.0
841630,Uae,0.0
841690,Uae,6.0
841710,Uae,6.0
841720,Uae,0.0
841780,Uae,6.5
841790,Uae,0.0
841810,Uae,14.0
841821,Uae,16.0
841829,Uae,16.0
841830,Uae,12.0
841869,Uae,4.0
841891,Uae,6.0
841899,Uae,6.0
841911,Uae,0.0
841912,Uae,0.0
841919,Uae,0.0
841920,Uae,0.0
841934,Uae,0.0
841935,Uae,0.0
841940,Uae,0.0
841960,Uae,0.0
841981,Uae,0.0
841989,Uae,0.0
841990,Uae,0.0
842010,Uae,0.0
842091,Uae,0.0
842099,Uae,0.0
842111,Uae,0.0
842112,Uae,0.0
842119,Uae,0.0
842121,Uae,6.67
842122,Uae,6.0
842123,Uae,9.0
842129,Uae,0.0
842131,Uae,9.0
842139,Uae,6.67
842191,Uae,0.0
842199,Uae,0.0
842211,Uae,0.0
842219,Uae,0.0
842220,Uae,0.0
842230,Uae,0.0
842240,Uae,0.0
842290,Uae,0.0
842310,Uae,0.0
842320,Uae,0.0
842330,Uae,0.0
842381,Uae,0.0
842382,Uae,0.0
842389,Uae,0.0
842390,Uae,0.0
842410,Uae,0.0
842420,Uae,6.0
842430,Uae,0.0
842441,Uae,0.0
842449,Uae,0.0
842482,Uae,0.0
842489,Uae,0.0
842490,Uae,0.0
842511,Uae,6.0
842519,Uae,0.0
842531,Uae,0.0
842539,Uae,6.0
842541,Uae,6.0
842542,Uae,6.0
842549,Uae,0.0
842611,Uae,0.0
842612,Uae,0.0
842619,Uae,6.0
842620,Uae,0.0
842630,Uae,0.0
842641,Uae,0.0
842649,Uae,6.0
842691,Uae,0.0
842699,Uae,0.0
842710,Uae,0.0
842720,Uae,6.0
842790,Uae,0.0
842810,Uae,0.0
842820,Uae,0.0
842831,Uae,0.0
842832,Uae,0.0
842833,Uae,0.0
842839,Uae,6.0
842840,Uae,0.0
842860,Uae,0.0
842870,Uae,0.0
842890,Uae,0.0
842911,Uae,0.0
842919,Uae,0.0
842920,Uae,0.0
842930,Uae,0.0
842940,Uae,0.0
842951,Uae,0.0
842952,Uae,0.0
842959,Uae,0.0
843010,Uae,0.0
843020,Uae,0.0
843031,Uae,0.0
843039,Uae,0.0
843041,Uae,0.0
843049,Uae,0.0
843050,Uae,0.0
843061,Uae,0.0
843069,Uae,0.0
843110,Uae,0.0
843120,Uae,6.0
843131,Uae,6.0
843139,Uae,0.0
843141,Uae,6.0
843142,Uae,0.0
843143,Uae,0.0
843149,Uae,0.0
843210,Uae,0.0
843221,Uae,0.0
843229,Uae,0.0
843231,Uae,0.0
843239,Uae,0.0
843241,Uae,0.0
843242,Uae,0.0
843280,Uae,0.0
843290,Uae,0.0
843311,Uae,0.0
843319,Uae,0.0
843320,Uae,0.0
843330,Uae,0.0
843340,Uae,0.0
843351,Uae,0.0
843352,Uae,0.0
843353,Uae,0.0
843359,Uae,0.0
843360,Uae,0.0
843390,Uae,0.0
843410,Uae,0.0
843420,Uae,0.0
843490,Uae,0.0
843510,Uae,0.0
843590,Uae,0.0
843610,Uae,0.0
843621,Uae,0.0
843629,Uae,0.0
843680,Uae,0.0
843691,Uae,0.0
843699,Uae,0.0
843710,Uae,0.0
843780,Uae,0.0
843790,Uae,0.0
843810,Uae,0.0
843820,Uae,0.0
843830,Uae,0.0
843840,Uae,0.0
843850,Uae,0.0
843860,Uae,0.0
843880,Uae,0.0
843890,Uae,0.0
843910,Uae,0.0
843920,Uae,0.0
843930,Uae,0.0
843991,Uae,0.0
843999,Uae,0.0
844010,Uae,0.0
844090,Uae,0.0
844110,Uae,0.0
844120,Uae,0.0
844130,Uae,0.0
844140,Uae,0.0
844180,Uae,0.0
844190,Uae,0.0
844230,Uae,0.0
844240,Uae,0.0
844250,Uae,0.0
844311,Uae,0.0
844312,Uae,0.0
844313,Uae,0.0
844314,Uae,0.0
844315,Uae,0.0
844316,Uae,0.0
844317,Uae,0.0
844319,Uae,6.0
844331,Uae,0.0
844332,Uae,0.0
844339,Uae,4.5
844391,Uae,0.0
844399,Uae,0.0
844400,Uae,0.0
844511,Uae,0.0
844512,Uae,0.0
844513,Uae,0.0
844519,Uae,0.0
844520,Uae,0.0
844530,Uae,0.0
844540,Uae,0.0
844590,Uae,0.0
844610,Uae,0.0
844621,Uae,0.0
844629,Uae,0.0
844630,Uae,0.0
844711,Uae,0.0
844712,Uae,0.0
844720,Uae,0.0
844790,Uae,0.0
844811,Uae,0.0
844819,Uae,0.0
844820,Uae,0.0
844831,Uae,0.0
844832,Uae,0.0
844833,Uae,0.0
844839,Uae,0.0
844842,Uae,0.0
844849,Uae,0.0
844851,Uae,0.0
844859,Uae,0.0
844900,Uae,0.0
845011,Uae,18.0
845012,Uae,18.0
845019,Uae,18.0
845020,Uae,0.0
845090,Uae,0.0
845110,Uae,0.0
845121,Uae,0.0
845129,Uae,0.0
845130,Uae,0.0
845140,Uae,0.0
845150,Uae,0.0
845180,Uae,0.0
845190,Uae,0.0
845210,Uae,9.0
845221,Uae,0.0
845229,Uae,0.0
845230,Uae,0.0
845290,Uae,0.0
845310,Uae,0.0
845320,Uae,0.0
845380,Uae,0.0
845390,Uae,0.0
845410,Uae,0.0
845420,Uae,0.0
845430,Uae,0.0
845490,Uae,0.0
845510,Uae,0.0
845521,Uae,0.0
845522,Uae,0.0
845530,Uae,0.0
845590,Uae,0.0
845611,Uae,0.0
845612,Uae,0.0
845620,Uae,0.0
845630,Uae,0.0
845640,Uae,0.0
845650,Uae,0.0
845690,Uae,0.0
845710,Uae,0.0
845720,Uae,0.0
845730,Uae,0.0
845811,Uae,0.0
845819,Uae,0.0
845891,Uae,0.0
845899,Uae,0.0
845910,Uae,0.0
845921,Uae,0.0
845929,Uae,0.0
845931,Uae,0.0
845939,Uae,0.0
845941,Uae,0.0
845949,Uae,0.0
845951,Uae,0.0
845959,Uae,0.0
845961,Uae,0.0
845969,Uae,0.0
845970,Uae,0.0
846012,Uae,0.0
846019,Uae,0.0
846022,Uae,0.0
846023,Uae,0.0
846024,Uae,0.0
846029,Uae,0.0
846031,Uae,0.0
846039,Uae,0.0
846040,Uae,0.0
846090,Uae,0.0
846120,Uae,0.0
846130,Uae,0.0
846140,Uae,0.0
846150,Uae,0.0
846190,Uae,0.0
846211,Uae,0.0
846219,Uae,0.0
846222,Uae,0.0
846223,Uae,0.0
846224,Uae,0.0
846225,Uae,0.0
846226,Uae,0.0
846229,Uae,0.0
846232,Uae,0.0
846233,Uae,0.0
846239,Uae,0.0
846242,Uae,0.0
846249,Uae,0.0
846251,Uae,0.0
846259,Uae,0.0
846261,Uae,0.0
846262,Uae,0.0
846263,Uae,0.0
846269,Uae,0.0
846290,Uae,0.0
846310,Uae,0.0
846320,Uae,0.0
846330,Uae,0.0
846390,Uae,0.0
846410,Uae,0.0
846420,Uae,0.0
846490,Uae,0.0
846510,Uae,0.0
846520,Uae,0.0
846591,Uae,0.0
846592,Uae,0.0
846593,Uae,0.0
846594,Uae,0.0
846595,Uae,0.0
846596,Uae,0.0
846599,Uae,0.0
846610,Uae,0.0
846620,Uae,0.0
846630,Uae,0.0
846691,Uae,0.0
846692,Uae,0.0
846693,Uae,0.0
846694,Uae,0.0
846711,Uae,0.0
846719,Uae,0.0
846721,Uae,0.0
846722,Uae,0.0
846729,Uae,0.0
846781,Uae,0.0
846789,Uae,0.0
846791,Uae,0.0
846792,Uae,0.0
846799,Uae,0.0
846810,Uae,0.0
846820,Uae,0.0
846880,Uae,0.0
846890,Uae,0.0
847210,Uae,0.0
847230,Uae,0.0
847290,Uae,0.0
847340,Uae,0.0
847410,Uae,0.0
847420,Uae,4.0
847431,Uae,6.0
847432,Uae,0.0
847439,Uae,0.0
847480,Uae,0.0
847490,Uae,6.0
847510,Uae,0.0
847521,Uae,0.0
847529,Uae,0.0
847590,Uae,0.0
847621,Uae,0.0
847629,Uae,0.0
847681,Uae,0.0
847689,Uae,0.0
847690,Uae,0.0
847710,Uae,0.0
847720,Uae,6.0
847730,Uae,0.0
847740,Uae,0.0
847751,Uae,0.0
847759,Uae,7.0
847780,Uae,0.0
847790,Uae,0.0
847810,Uae,0.0
847890,Uae,0.0
847910,Uae,0.0
847920,Uae,0.0
847930,Uae,0.0
847940,Uae,0.0
847950,Uae,0.0
847960,Uae,0.0
847971,Uae,0.0
847979,Uae,0.0
847981,Uae,6.0
847982,Uae,0.0
847983,Uae,6.0
847989,Uae,4.0
847990,Uae,0.0
848010,Uae,0.0
848020,Uae,0.0
848030,Uae,0.0
848041,Uae,6.0
848049,Uae,0.0
848050,Uae,0.0
848060,Uae,6.0
848071,Uae,0.0
848079,Uae,0.0
848110,Uae,0.0
848120,Uae,6.0
848130,Uae,6.0
848140,Uae,0.0
848180,Uae,0.0
848190,Uae,0.0
848210,Uae,1.8
848220,Uae,0.0
848230,Uae,0.0
848240,Uae,0.0
848250,Uae,0.0
848280,Uae,0.0
848291,Uae,0.0
848299,Uae,0.0
848310,Uae,7.0
848340,Uae,2.0
848350,Uae,6.0
848360,Uae,6.0
848390,Uae,7.0
848420,Uae,6.0
848610,Uae,0.0
848620,Uae,6.0
848630,Uae,0.0
848640,Uae,0.0
848690,Uae,0.0
848710,Uae,0.0
848790,Uae,0.0
850110,Uae,9.5
850120,Uae,9.5
850131,Uae,9.5
850132,Uae,9.5
850133,Uae,0.0
850134,Uae,0.0
850140,Uae,9.5
850151,Uae,0.0
850152,Uae,9.5
850153,Uae,9.5
850161,Uae,0.0
850162,Uae,0.0
850163,Uae,0.0
850164,Uae,0.0
850171,Uae,0.0
850172,Uae,0.0
850180,Uae,0.0
850211,Uae,0.0
850212,Uae,7.0
850213,Uae,7.0
850220,Uae,0.0
850231,Uae,0.0
850239,Uae,0.0
850300,Uae,7.0
850421,Uae,0.0
850422,Uae,0.0
850423,Uae,0.0
850431,Uae,8.0
850432,Uae,0.0
850433,Uae,8.0
850434,Uae,0.0
850440,Uae,4.75
850450,Uae,0.0
850490,Uae,0.0
850511,Uae,0.0
850519,Uae,6.0
850520,Uae,0.0
850590,Uae,0.0
850610,Uae,0.0
850630,Uae,0.0
850640,Uae,0.0
850650,Uae,0.0
850660,Uae,0.0
850680,Uae,0.0
850690,Uae,0.0
850710,Uae,0.0
850720,Uae,0.0
850730,Uae,0.0
850750,Uae,0.0
850760,Uae,0.0
850780,Uae,0.0
850790,Uae,0.0
850860,Uae,0.0
850870,Uae,0.0
850980,Uae,0.0
850990,Uae,0.0
851010,Uae,0.0
851020,Uae,0.0
851030,Uae,0.0
851090,Uae,0.0
851110,Uae,0.0
851210,Uae,0.0
851220,Uae,12.0
851230,Uae,12.0
851290,Uae,9.5
851411,Uae,0.0
851419,Uae,0.0
851420,Uae,0.0
851431,Uae,0.0
851432,Uae,0.0
851439,Uae,0.0
851440,Uae,0.0
851490,Uae,0.0
851511,Uae,0.0
851519,Uae,0.0
851521,Uae,9.0
851529,Uae,9.0
851531,Uae,0.0
851539,Uae,0.0
851580,Uae,0.0
851590,Uae,0.0
851621,Uae,0.0
851631,Uae,0.0
851632,Uae,0.0
851633,Uae,0.0
851650,Uae,0.0
851679,Uae,0.0
851680,Uae,0.0
851690,Uae,0.0
851713,Uae,0.0
851714,Uae,0.0
851810,Uae,0.0
851821,Uae,0.0
851822,Uae,0.0
851829,Uae,0.0
851840,Uae,0.0
851850,Uae,0.0
851890,Uae,0.0
851920,Uae,0.0
851930,Uae,0.0
851981,Uae,0.0
851989,Uae,2.4
852110,Uae,0.0
852190,Uae,8.5
852210,Uae,0.0
852290,Uae,0.0
852321,Uae,0.0
852329,Uae,0.0
852341,Uae,0.0
852349,Uae,0.0
852351,Uae,0.0
852359,Uae,0.0
852380,Uae,0.0
852550,Uae,0.0
852589,Uae,0.0
852610,Uae,0.0
852691,Uae,0.0
852692,Uae,0.0
852712,Uae,0.0
852721,Uae,0.0
852729,Uae,0.0
852791,Uae,0.0
852792,Uae,0.0
852799,Uae,0.0
852871,Uae,18.0
852872,Uae,18.0
852873,Uae,0.0
852910,Uae,6.61
852990,Uae,7.17
853010,Uae,0.0
853080,Uae,0.0
853090,Uae,0.0
853110,Uae,8.0
853180,Uae,8.0
853190,Uae,8.0
853510,Uae,8.0
853521,Uae,0.0
853529,Uae,0.0
853530,Uae,0.0
853540,Uae,0.0
853590,Uae,6.0
853610,Uae,0.0
853620,Uae,8.0
853630,Uae,8.0
853641,Uae,9.5
853649,Uae,9.5
853650,Uae,0.0
853661,Uae,0.0
853669,Uae,0.0
853670,Uae,0.0
853690,Uae,8.0
853710,Uae,7.0
853720,Uae,7.0
853810,Uae,6.0
853890,Uae,7.0
853910,Uae,12.0
853921,Uae,9.33
853922,Uae,0.0
853929,Uae,0.0
853931,Uae,0.0
853932,Uae,0.0
853939,Uae,0.0
853941,Uae,0.0
853949,Uae,0.0
853951,Uae,0.0
853952,Uae,0.0
853990,Uae,8.0
854020,Uae,0.0
854071,Uae,0.0
854079,Uae,8.0
854081,Uae,8.0
854089,Uae,8.0
854091,Uae,8.0
854099,Uae,8.0
854142,Uae,0.0
854143,Uae,0.0
854149,Uae,0.0
854151,Uae,0.0
854159,Uae,0.0
854239,Uae,6.0
854310,Uae,6.0
854320,Uae,6.0
854330,Uae,0.0
854340,Uae,0.0
854370,Uae,0.72
854390,Uae,6.0
854411,Uae,9.0
854419,Uae,9.5
854420,Uae,0.0
854430,Uae,12.0
854442,Uae,0.0
854449,Uae,8.14
854460,Uae,8.0
854511,Uae,0.0
854519,Uae,0.0
854520,Uae,0.0
854590,Uae,0.0
854610,Uae,0.0
854620,Uae,0.0
854690,Uae,0.0
854710,Uae,7.0
854720,Uae,7.0
854790,Uae,0.0
854911,Uae,0.0
854912,Uae,0.0
854913,Uae,0.0
854914,Uae,0.0
854919,Uae,0.0
860110,Uae,0.0
860120,Uae,0.0
860210,Uae,0.0
860290,Uae,0.0
860310,Uae,0.0
860390,Uae,0.0
860400,Uae,0.0
860500,Uae,0.0
860610,Uae,0.0
860630,Uae,0.0
860691,Uae,0.0
860692,Uae,0.0
860699,Uae,0.0
860711,Uae,0.0
860712,Uae,0.0
860719,Uae,0.0
860721,Uae,0.0
860729,Uae,0.0
860730,Uae,0.0
860791,Uae,0.0
860799,Uae,0.0
860800,Uae,0.0
860900,Uae,0.0
870110,Uae,0.0
870121,Uae,0.0
870122,Uae,0.0
870123,Uae,0.0
870124,Uae,0.0
870129,Uae,0.0
870130,Uae,0.0
870191,Uae,0.0
870192,Uae,0.0
870193,Uae,0.0
870194,Uae,0.0
870195,Uae,0.0
870410,Uae,0.0
870421,Uae,0.0
870422,Uae,0.0
870423,Uae,0.0
870431,Uae,0.0
870432,Uae,0.0
870441,Uae,0.0
870442,Uae,0.0
870443,Uae,0.0
870451,Uae,0.0
870452,Uae,0.0
870460,Uae,0.0
870490,Uae,0.0
870510,Uae,8.0
870520,Uae,8.0
870540,Uae,8.0
870600,Uae,0.0
870710,Uae,0.0
870790,Uae,12.0
870810,Uae,9.0
870821,Uae,14.0
870822,Uae,14.0
870829,Uae,14.0
870830,Uae,14.0
870850,Uae,14.0
870870,Uae,12.0
870880,Uae,14.0
870892,Uae,14.0
870893,Uae,14.0
870894,Uae,14.0
870895,Uae,14.0
870911,Uae,9.0
870919,Uae,9.0
870990,Uae,0.0
871110,Uae,0.0
871130,Uae,13.5
871140,Uae,13.5
871150,Uae,13.5
871160,Uae,13.5
871190,Uae,13.5
871200,Uae,18.0
871310,Uae,0.0
871390,Uae,0.0
871410,Uae,14.0
871420,Uae,8.0
871491,Uae,0.0
871492,Uae,0.0
871493,Uae,0.0
871495,Uae,0.0
871496,Uae,0.0
871499,Uae,0.0
871500,Uae,0.0
871610,Uae,9.0
871620,Uae,9.0
871631,Uae,9.0
871639,Uae,9.0
871640,Uae,9.0
871680,Uae,9.0
871690,Uae,9.0
880100,Uae,0.0
880260,Uae,0.0
880400,Uae,0.0
880510,Uae,0.0
880521,Uae,0.0
880529,Uae,0.0
880710,Uae,0.0
880720,Uae,0.0
880730,Uae,0.0
880790,Uae,0.0
890110,Uae,0.0
890120,Uae,0.0
890130,Uae,0.0
890190,Uae,0.0
890200,Uae,0.0
890311,Uae,0.0
890312,Uae,0.0
890319,Uae,0.0
890321,Uae,0.0
890322,Uae,0.0
890323,Uae,0.0
890331,Uae,0.0
890332,Uae,0.0
890333,Uae,0.0
890393,Uae,0.0
890399,Uae,0.0
890400,Uae,0.0
890520,Uae,0.0
890590,Uae,0.0
890610,Uae,0.0
890690,Uae,0.0
890790,Uae,0.0
890800,Uae,0.0
900120,Uae,0.0
900130,Uae,0.0
900140,Uae,0.0
900190,Uae,0.0
900211,Uae,0.0
900219,Uae,0.0
900220,Uae,0.0
900290,Uae,0.0
900311,Uae,0.0
900319,Uae,0.0
900390,Uae,0.0
900410,Uae,0.0
900490,Uae,0.0
900510,Uae,0.0
900580,Uae,0.0
900590,Uae,0.0
900630,Uae,0.0
900640,Uae,0.0
900653,Uae,0.0
900659,Uae,0.0
900661,Uae,0.0
900669,Uae,0.0
900691,Uae,0.0
900699,Uae,0.0
900710,Uae,0.0
900720,Uae,0.0
900791,Uae,0.0
900792,Uae,0.0
900850,Uae,0.0
900890,Uae,0.0
901010,Uae,0.0
901050,Uae,0.0
901060,Uae,0.0
901090,Uae,0.0
901110,Uae,0.0
901120,Uae,0.0
901180,Uae,0.0
901190,Uae,0.0
901210,Uae,0.0
901290,Uae,0.0
901310,Uae,0.0
901320,Uae,0.0
901380,Uae,0.0
901390,Uae,0.0
901410,Uae,0.0
901420,Uae,0.0
901480,Uae,0.0
901490,Uae,0.0
901510,Uae,0.0
901520,Uae,0.0
901530,Uae,0.0
901540,Uae,0.0
901580,Uae,0.0
901590,Uae,0.0
901600,Uae,0.0
901710,Uae,0.0
901720,Uae,0.0
901730,Uae,0.0
901780,Uae,0.0
901790,Uae,0.0
901812,Uae,7.0
901814,Uae,7.0
901819,Uae,7.0
901820,Uae,7.0
901831,Uae,7.0
901832,Uae,6.25
901839,Uae,7.0
901841,Uae,7.0
901850,Uae,6.25
901890,Uae,5.89
901910,Uae,0.0
902110,Uae,0.0
902121,Uae,0.0
902129,Uae,0.0
902131,Uae,0.0
902139,Uae,0.0
902140,Uae,0.0
902150,Uae,0.0
902190,Uae,0.0
902213,Uae,0.0
902214,Uae,0.0
902221,Uae,0.0
902229,Uae,0.0
902290,Uae,0.0
902300,Uae,0.0
902410,Uae,0.0
902480,Uae,0.0
902490,Uae,0.0
902511,Uae,0.0
902519,Uae,0.0
902580,Uae,0.0
902590,Uae,0.0
902790,Uae,0.0
902810,Uae,0.0
902820,Uae,0.0
902890,Uae,0.0
902910,Uae,7.0
902920,Uae,0.0
902990,Uae,0.0
903010,Uae,0.0
903020,Uae,0.0
903031,Uae,0.0
903032,Uae,0.0
903033,Uae,0.0
903039,Uae,0.0
903084,Uae,0.0
903089,Uae,0.0
903090,Uae,0.0
903110,Uae,0.0
903120,Uae,0.0
903149,Uae,0.0
903180,Uae,0.0
903190,Uae,0.0
903210,Uae,0.0
903220,Uae,0.0
903281,Uae,0.0
903289,Uae,0.0
903290,Uae,0.0
903300,Uae,0.0
910119,Uae,16.0
910121,Uae,16.0
910129,Uae,16.0
910191,Uae,16.0
910199,Uae,16.0
910211,Uae,16.0
910212,Uae,16.0
910219,Uae,16.0
910221,Uae,16.0
910229,Uae,16.0
910291,Uae,16.0
910299,Uae,16.0
910310,Uae,16.0
910390,Uae,16.0
910400,Uae,9.5
910511,Uae,16.0
910519,Uae,16.0
910521,Uae,16.0
910529,Uae,16.0
910591,Uae,16.0
910599,Uae,16.0
910610,Uae,8.0
910690,Uae,8.0
910700,Uae,8.0
910910,Uae,8.0
910990,Uae,8.0
911110,Uae,8.0
911120,Uae,8.0
911180,Uae,8.0
911190,Uae,8.0
911220,Uae,8.0
911290,Uae,8.0
911310,Uae,8.0
911320,Uae,8.0
911390,Uae,8.0
911430,Uae,6.0
911440,Uae,8.0
911490,Uae,8.0
920110,Uae,0.0
920120,Uae,0.0
920190,Uae,0.0
920210,Uae,0.0
920290,Uae,0.0
920510,Uae,0.0
920590,Uae,0.0
920600,Uae,0.0
920710,Uae,0.0
920790,Uae,0.0
920810,Uae,0.0
920890,Uae,0.0
920930,Uae,0.0
920991,Uae,0.0
920992,Uae,0.0
920994,Uae,0.0
920999,Uae,0.0
930110,Uae,0.0
930120,Uae,0.0
930190,Uae,0.0
930200,Uae,0.0
930310,Uae,0.0
930320,Uae,0.0
930330,Uae,0.0
930390,Uae,0.0
930400,Uae,0.0
930510,Uae,0.0
930520,Uae,0.0
930591,Uae,0.0
930599,Uae,0.0
930621,Uae,0.0
930629,Uae,0.0
930630,Uae,0.0
930690,Uae,0.0
930700,Uae,0.0
940110,Uae,0.0
940131,Uae,0.0
940139,Uae,0.0
940141,Uae,0.0
940149,Uae,0.0
940152,Uae,0.0
940153,Uae,0.0
940159,Uae,0.0
940161,Uae,0.0
940169,Uae,0.0
940171,Uae,0.0
940179,Uae,0.0
940180,Uae,0.0
940191,Uae,0.0
940199,Uae,0.0
940210,Uae,0.0
940290,Uae,0.0
940310,Uae,22.5
940320,Uae,22.5
940330,Uae,22.5
940340,Uae,22.5
940350,Uae,22.5
940360,Uae,22.5
940370,Uae,22.5
940382,Uae,22.5
940383,Uae,22.5
940389,Uae,22.5
940391,Uae,22.5
940399,Uae,22.5
940410,Uae,20.0
940421,Uae,20.0
940429,Uae,20.0
940430,Uae,20.0
940440,Uae,20.0
940490,Uae,20.0
940511,Uae,20.0
940519,Uae,20.0
940521,Uae,20.0
940529,Uae,20.0
940531,Uae,20.0
940539,Uae,20.0
940541,Uae,20.0
940542,Uae,20.0
940549,Uae,20.0
940550,Uae,20.0
940561,Uae,20.0
940569,Uae,20.0
940591,Uae,20.0
940592,Uae,20.0
940599,Uae,20.0
940610,Uae,0.0
940620,Uae,0.0
940690,Uae,0.0
950611,Uae,0.0
950612,Uae,0.0
950619,Uae,0.0
950621,Uae,0.0
950629,Uae,0.0
950631,Uae,0.0
950632,Uae,0.0
950639,Uae,0.0
950640,Uae,0.0
950651,Uae,0.0
950659,Uae,0.0
950661,Uae,0.0
950662,Uae,0.0
950669,Uae,0.0
950670,Uae,0.0
950691,Uae,0.0
950699,Uae,0.0
950710,Uae,18.0
950720,Uae,18.0
950730,Uae,18.0
950790,Uae,18.0
950821,Uae,0.0
950822,Uae,0.0
950823,Uae,0.0
950824,Uae,0.0
950825,Uae,0.0
950826,Uae,0.0
950829,Uae,0.0
950830,Uae,0.0
950840,Uae,0.0
960110,Uae,8.0
960190,Uae,8.0
960200,Uae,8.0
960310,Uae,16.0
960321,Uae,16.0
960329,Uae,16.0
960330,Uae,16.0
960340,Uae,16.0
960350,Uae,16.0
960390,Uae,16.0
960400,Uae,16.0
960500,Uae,8.0
960610,Uae,0.0
960621,Uae,0.0
960622,Uae,0.0
960629,Uae,0.0
960630,Uae,0.0
960711,Uae,0.0
960719,Uae,0.0
960720,Uae,0.0
960810,Uae,6.67
960820,Uae,8.0
960830,Uae,8.0
960840,Uae,8.0
960850,Uae,8.0
960860,Uae,8.0
960891,Uae,8.0
960899,Uae,8.0
960910,Uae,8.0
960920,Uae,8.0
960990,Uae,8.0
961000,Uae,8.0
961100,Uae,16.0
961210,Uae,8.0
961220,Uae,8.0
961310,Uae,16.0
961320,Uae,16.0
961380,Uae,16.0
961390,Uae,16.0
961400,Uae,8.0
961511,Uae,16.0
961519,Uae,16.0
961590,Uae,16.0
961610,Uae,16.0
961620,Uae,16.0
961700,Uae,16.0
961800,Uae,8.0
961900,Uae,0.0
962000,Uae,8.0
970121,Uae,0.0
970122,Uae,0.0
970129,Uae,0.0
970191,Uae,0.0
970192,Uae,0.0
970199,Uae,0.0
970210,Uae,0.0
970290,Uae,0.0
970310,Uae,0.0
970390,Uae,0.0
970510,Uae,0.0
970521,Uae,0.0
970522,Uae,0.0
970529,Uae,0.0
970531,Uae,0.0
970539,Uae,0.0
970610,Uae,0.0
970690,Uae,0.0
